state_ID,year,total_consumption
AK,2018,603029
AK,2017,600975
AK,2016,592516
AK,2015,611996
AK,2014,594764
AK,2013,597975
AK,2012,630464
AK,2011,640731
AK,2010,640590
AK,2009,639557
AK,2008,650500
AK,2007,723227
AK,2006,746457
AK,2005,797723
AK,2004,775019
AK,2003,733471
AK,2002,732909
AK,2001,735745
AK,2000,742061
AK,1999,725331
AK,1998,723206
AK,1997,708741
AK,1996,718749
AK,1995,704062
AK,1994,623042
AK,1993,623613
AK,1992,627237
AK,1991,602660
AK,1990,584082
AK,1989,576192
AK,1988,521398
AK,1987,499211
AK,1986,504252
AK,1985,474429
AK,1984,482889
AK,1983,437627
AK,1982,409057
AK,1981,279661
AK,1980,295745
AK,1979,299774
AK,1978,324010
AK,1977,293489
AK,1976,254649
AK,1975,232172
AK,1974,201488
AK,1973,196965
AK,1972,214377
AK,1971,200962
AK,1970,182039
AK,1969,156631
AK,1968,122533
AK,1967,115172
AK,1966,102696
AK,1965,87782
AK,1964,85067
AK,1963,80788
AK,1962,78812
AK,1961,72173
AK,1960,61433
HI,2018,305747
HI,2017,308092
HI,2016,299932
HI,2015,296397
HI,2014,291687
HI,2013,299747
HI,2012,294151
HI,2011,299651
HI,2010,294541
HI,2009,275905
HI,2008,276640
HI,2007,337822
HI,2006,327285
HI,2005,324736
HI,2004,314719
HI,2003,300914
HI,2002,284662
HI,2001,270121
HI,2000,273307
HI,1999,269352
HI,1998,273387
HI,1997,273483
HI,1996,283060
HI,1995,296774
HI,1994,299033
HI,1993,282651
HI,1992,306030
HI,1991,295150
HI,1990,321420
HI,1989,309767
HI,1988,289691
HI,1987,249461
HI,1986,245329
HI,1985,248554
HI,1984,232426
HI,1983,221150
HI,1982,218095
HI,1981,236718
HI,1980,262347
HI,1979,256604
HI,1978,236970
HI,1977,233334
HI,1976,220042
HI,1975,214378
HI,1974,212103
HI,1973,224312
HI,1972,218057
HI,1971,211673
HI,1970,196947
HI,1969,190862
HI,1968,182799
HI,1967,163865
HI,1966,145474
HI,1965,130560
HI,1964,123433
HI,1963,114265
HI,1962,108286
HI,1961,113754
HI,1960,94839
CO,2018,1529749
CO,2017,1479958
CO,2016,1472125
CO,2015,1503269
CO,2014,1497303
CO,2013,1480294
CO,2012,1448446
CO,2011,1481299
CO,2010,1520173
CO,2009,1465463
CO,2008,1487459
CO,2007,1483848
CO,2006,1451337
CO,2005,1435704
CO,2004,1399562
CO,2003,1372163
CO,2002,1370535
CO,2001,1369867
CO,2000,1268642
CO,1999,1206092
CO,1998,1184705
CO,1997,1138201
CO,1996,1142176
CO,1995,1091927
CO,1994,1065404
CO,1993,1062928
CO,1992,995693
CO,1991,994850
CO,1990,944300
CO,1989,915127
CO,1988,899364
CO,1987,866162
CO,1986,859444
CO,1985,869749
CO,1984,867717
CO,1983,831430
CO,1982,833092
CO,1981,816311
CO,1980,838088
CO,1979,856031
CO,1978,850246
CO,1977,835096
CO,1976,818799
CO,1975,784438
CO,1974,787106
CO,1973,801930
CO,1972,756325
CO,1971,691909
CO,1970,677623
CO,1969,648877
CO,1968,622770
CO,1967,555487
CO,1966,531922
CO,1965,508687
CO,1964,498054
CO,1963,465929
CO,1962,468348
CO,1961,461749
CO,1960,424556
GA,2018,3009310
GA,2017,2931570
GA,2016,2957804
GA,2015,2986696
GA,2014,2986586
GA,2013,2915153
GA,2012,2855419
GA,2011,3043491
GA,2010,3157436
GA,2009,2913908
GA,2008,2946558
GA,2007,3078378
GA,2006,3087831
GA,2005,3110770
GA,2004,3097207
GA,2003,2956845
GA,2002,2936048
GA,2001,2818753
GA,2000,2920928
GA,1999,2803980
GA,1998,2783049
GA,1997,2744916
GA,1996,2767321
GA,1995,2607462
GA,1994,2423951
GA,1993,2403877
GA,1992,2250675
GA,1991,2205008
GA,1990,2216211
GA,1989,2219567
GA,1988,2138263
GA,1987,2049053
GA,1986,1953662
GA,1985,1931023
GA,1984,1875179
GA,1983,1749228
GA,1982,1679709
GA,1981,1694324
GA,1980,1717236
GA,1979,1729590
GA,1978,1683045
GA,1977,1628701
GA,1976,1552529
GA,1975,1489772
GA,1974,1495568
GA,1973,1555110
GA,1972,1435584
GA,1971,1348865
GA,1970,1280820
GA,1969,1228189
GA,1968,1154038
GA,1967,1062811
GA,1966,997589
GA,1965,917174
GA,1964,857040
GA,1963,802968
GA,1962,764902
GA,1961,705734
GA,1960,701005
FL,2018,4448133
FL,2017,4351747
FL,2016,4365153
FL,2015,4329897
FL,2014,4178175
FL,2013,4133132
FL,2012,4074454
FL,2011,4175877
FL,2010,4323763
FL,2009,4115274
FL,2008,4264866
FL,2007,4417304
FL,2006,4472498
FL,2005,4419873
FL,2004,4347431
FL,2003,4195567
FL,2002,4177962
FL,2001,4060590
FL,2000,4076022
FL,1999,3922071
FL,1998,3859240
FL,1997,3726429
FL,1996,3700617
FL,1995,3615069
FL,1994,3467465
FL,1993,3346956
FL,1992,3316472
FL,1991,3249677
FL,1990,3289151
FL,1989,3248530
FL,1988,3042056
FL,1987,2870556
FL,1986,2781956
FL,1985,2698976
FL,1984,2551259
FL,1983,2457345
FL,1982,2402137
FL,1981,2482043
FL,1980,2511917
FL,1979,2422499
FL,1978,2327321
FL,1977,2217477
FL,1976,2062020
FL,1975,1939837
FL,1974,1929045
FL,1973,1995319
FL,1972,1804005
FL,1971,1674133
FL,1970,1577450
FL,1969,1453793
FL,1968,1349462
FL,1967,1223737
FL,1966,1180231
FL,1965,1111530
FL,1964,1049548
FL,1963,994376
FL,1962,949391
FL,1961,848703
FL,1960,809559
KY,2018,1747644
KY,2017,1665062
KY,2016,1706842
KY,2015,1734840
KY,2014,1784085
KY,2013,1845089
KY,2012,1904135
KY,2011,1938181
KY,2010,2007012
KY,2009,1930522
KY,2008,2008086
KY,2007,2044160
KY,2006,2009346
KY,2005,2018197
KY,2004,1998031
KY,2003,1923756
KY,2002,1989605
KY,2001,1832560
KY,2000,1802618
KY,1999,1815367
KY,1998,1725018
KY,1997,1767765
KY,1996,1761014
KY,1995,1741938
KY,1994,1671777
KY,1993,1618620
KY,1992,1582211
KY,1991,1515784
KY,1990,1489868
KY,1989,1509038
KY,1988,1419083
KY,1987,1341279
KY,1986,1304571
KY,1985,1329732
KY,1984,1375310
KY,1983,1276623
KY,1982,1262083
KY,1981,1297313
KY,1980,1367982
KY,1979,1432637
KY,1978,1400112
KY,1977,1414018
KY,1976,1400423
KY,1975,1278425
KY,1974,1228332
KY,1973,1236974
KY,1972,1203074
KY,1971,1117666
KY,1970,1104720
KY,1969,1073330
KY,1968,1014155
KY,1967,953994
KY,1966,905831
KY,1965,899590
KY,1964,890219
KY,1963,888319
KY,1962,836442
KY,1961,818917
KY,1960,823236
CA,2018,7877682
CA,2017,7779103
CA,2016,7721123
CA,2015,7536262
CA,2014,7456993
CA,2013,7539857
CA,2012,7455238
CA,2011,7660494
CA,2010,7657266
CA,2009,7774769
CA,2008,8075200
CA,2007,8260684
CA,2006,8246839
CA,2005,8151626
CA,2004,8216696
CA,2003,7848432
CA,2002,7963233
CA,2001,7918527
CA,2000,7893213
CA,1999,7801839
CA,1998,7806353
CA,1997,7528234
CA,1996,7405341
CA,1995,7295592
CA,1994,7273001
CA,1993,7138310
CA,1992,7307644
CA,1991,7326350
CA,1990,7439345
CA,1989,7420327
CA,1988,7143783
CA,1987,6938475
CA,1986,6501121
CA,1985,6601489
CA,1984,6533180
CA,1983,6092316
CA,1982,6076050
CA,1981,6332205
CA,1980,6540472
CA,1979,6727621
CA,1978,6472696
CA,1977,6361466
CA,1976,6186312
CA,1975,6032845
CA,1974,5816324
CA,1973,6047069
CA,1972,5872011
CA,1971,5747656
CA,1970,5499139
CA,1969,5356783
CA,1968,5115122
CA,1967,4841003
CA,1966,4645217
CA,1965,4385719
CA,1964,4219633
CA,1963,3923736
CA,1962,3724117
CA,1961,3609108
CA,1960,3449919
AL,2018,1950941
AL,2017,1896321
AL,2016,1919207
AL,2015,1914197
AL,2014,1964943
AL,2013,1928525
AL,2012,1887539
AL,2011,1913489
AL,2010,1939211
AL,2009,1800096
AL,2008,2002980
AL,2007,2086092
AL,2006,2083658
AL,2005,2065572
AL,2004,2065880
AL,2003,1952741
AL,2002,1960152
AL,2001,1898857
AL,2000,2093922
AL,1999,2040647
AL,1998,1997696
AL,1997,1956297
AL,1996,1984926
AL,1995,1955073
AL,1994,1879952
AL,1993,1789235
AL,1992,1742421
AL,1991,1675029
AL,1990,1659374
AL,1989,1683173
AL,1988,1651726
AL,1987,1582639
AL,1986,1504733
AL,1985,1519675
AL,1984,1544598
AL,1983,1445946
AL,1982,1499050
AL,1981,1604035
AL,1980,1644874
AL,1979,1648767
AL,1978,1638359
AL,1977,1623443
AL,1976,1551806
AL,1975,1515130
AL,1974,1547657
AL,1973,1527209
AL,1972,1478039
AL,1971,1384940
AL,1970,1393497
AL,1969,1343138
AL,1968,1246669
AL,1967,1138573
AL,1966,1088204
AL,1965,1044616
AL,1964,979212
AL,1963,913155
AL,1962,881239
AL,1961,831311
AL,1960,866594
ME,2018,392121
ME,2017,388392
ME,2016,390809
ME,2015,423064
ME,2014,413206
ME,2013,412187
ME,2012,399681
ME,2011,416165
ME,2010,416076
ME,2009,413101
ME,2008,455348
ME,2007,450333
ME,2006,427755
ME,2005,447801
ME,2004,443142
ME,2003,430431
ME,2002,430762
ME,2001,426028
ME,2000,463343
ME,1999,430397
ME,1998,418462
ME,1997,443177
ME,1996,458152
ME,1995,431302
ME,1994,461886
ME,1993,452399
ME,1992,449327
ME,1991,435294
ME,1990,430659
ME,1989,478996
ME,1988,484767
ME,1987,433183
ME,1986,444354
ME,1985,423461
ME,1984,418276
ME,1983,391587
ME,1982,426436
ME,1981,380501
ME,1980,381550
ME,1979,363580
ME,1978,384636
ME,1977,396866
ME,1976,380599
ME,1975,324651
ME,1974,354413
ME,1973,378940
ME,1972,380418
ME,1971,353571
ME,1970,302380
ME,1969,288283
ME,1968,271194
ME,1967,256811
ME,1966,244258
ME,1965,232176
ME,1964,242725
ME,1963,241423
ME,1962,237907
ME,1961,244897
ME,1960,232332
IA,2018,1618106
IA,2017,1560872
IA,2016,1527539
IA,2015,1497713
IA,2014,1544411
IA,2013,1521058
IA,2012,1430765
IA,2011,1502301
IA,2010,1504096
IA,2009,1448521
IA,2008,1441784
IA,2007,1378607
IA,2006,1303065
IA,2005,1278342
IA,2004,1247169
IA,2003,1192800
IA,2002,1197176
IA,2001,1167631
IA,2000,1196131
IA,1999,1199639
IA,1998,1148872
IA,1997,1139792
IA,1996,1152715
IA,1995,1109452
IA,1994,1071231
IA,1993,1039917
IA,1992,976971
IA,1991,985355
IA,1990,949263
IA,1989,940800
IA,1988,978710
IA,1987,906929
IA,1986,901984
IA,1985,897903
IA,1984,936823
IA,1983,953081
IA,1982,969163
IA,1981,968673
IA,1980,983303
IA,1979,1038993
IA,1978,962094
IA,1977,979937
IA,1976,979112
IA,1975,942050
IA,1974,949663
IA,1973,962796
IA,1972,904471
IA,1971,862483
IA,1970,850609
IA,1969,821912
IA,1968,781902
IA,1967,747574
IA,1966,698683
IA,1965,696730
IA,1964,669473
IA,1963,644262
IA,1962,626526
IA,1961,600070
IA,1960,601996
DE,2018,298324
DE,2017,277425
DE,2016,278833
DE,2015,281784
DE,2014,277183
DE,2013,276458
DE,2012,277310
DE,2011,277371
DE,2010,256515
DE,2009,259458
DE,2008,291505
DE,2007,293724
DE,2006,287816
DE,2005,299825
DE,2004,289192
DE,2003,303732
DE,2002,308594
DE,2001,292032
DE,2000,305695
DE,1999,286222
DE,1998,272892
DE,1997,274786
DE,1996,273242
DE,1995,262936
DE,1994,261444
DE,1993,266225
DE,1992,261314
DE,1991,255250
DE,1990,251796
DE,1989,241618
DE,1988,234133
DE,1987,227480
DE,1986,217072
DE,1985,214953
DE,1984,220487
DE,1983,197917
DE,1982,186552
DE,1981,195218
DE,1980,242340
DE,1979,244675
DE,1978,226261
DE,1977,227666
DE,1976,229178
DE,1975,218797
DE,1974,228887
DE,1973,246392
DE,1972,232526
DE,1971,222353
DE,1970,219722
DE,1969,219454
DE,1968,206901
DE,1967,187575
DE,1966,192519
DE,1965,184269
DE,1964,173156
DE,1963,172781
DE,1962,161918
DE,1961,150335
DE,1960,156406
IL,2018,4036436
IL,2017,3905965
IL,2016,3929276
IL,2015,3930054
IL,2014,4083250
IL,2013,4003541
IL,2012,3842478
IL,2011,3966405
IL,2010,3985761
IL,2009,3859234
IL,2008,4083961
IL,2007,4081334
IL,2006,3991822
IL,2005,4140656
IL,2004,3993440
IL,2003,3945574
IL,2002,3920039
IL,2001,3905501
IL,2000,4029159
IL,1999,4024011
IL,1998,3856606
IL,1997,3944363
IL,1996,3970151
IL,1995,3886599
IL,1994,3773746
IL,1993,3753510
IL,1992,3650581
IL,1991,3678496
IL,1990,3612494
IL,1989,3619229
IL,1988,3702319
IL,1987,3472023
IL,1986,3416921
IL,1985,3434273
IL,1984,3502000
IL,1983,3472747
IL,1982,3394044
IL,1981,3547208
IL,1980,3768260
IL,1979,4049381
IL,1978,4199421
IL,1977,4099481
IL,1976,4019369
IL,1975,3860591
IL,1974,3956458
IL,1973,4019481
IL,1972,3929667
IL,1971,3722756
IL,1970,3696737
IL,1969,3634712
IL,1968,3450826
IL,1967,3315076
IL,1966,3185513
IL,1965,3026466
IL,1964,2849301
IL,1963,2719427
IL,1962,2656186
IL,1961,2558990
IL,1960,2523973
AR,2018,1114317
AR,2017,1056178
AR,2016,1051634
AR,2015,1060614
AR,2014,1119467
AR,2013,1103707
AR,2012,1072394
AR,2011,1128390
AR,2010,1126614
AR,2009,1041617
AR,2008,1110210
AR,2007,1128983
AR,2006,1113117
AR,2005,1116515
AR,2004,1091797
AR,2003,1100644
AR,2002,1118366
AR,2001,1096056
AR,2000,1141593
AR,1999,1100812
AR,1998,1081796
AR,1997,1061415
AR,1996,1042511
AR,1995,1023242
AR,1994,971500
AR,1993,939962
AR,1992,865939
AR,1991,837103
AR,1990,849198
AR,1989,882855
AR,1988,817720
AR,1987,736170
AR,1986,759564
AR,1985,789513
AR,1984,799005
AR,1983,796587
AR,1982,792462
AR,1981,821800
AR,1980,859238
AR,1979,872687
AR,1978,887040
AR,1977,886292
AR,1976,840830
AR,1975,785659
AR,1974,798333
AR,1973,820083
AR,1972,744634
AR,1971,700736
AR,1970,708904
AR,1969,681052
AR,1968,635396
AR,1967,596737
AR,1966,566110
AR,1965,528740
AR,1964,527123
AR,1963,484672
AR,1962,456788
AR,1961,431586
AR,1960,425974
ID,2018,552715
ID,2017,553362
ID,2016,537039
ID,2015,536305
ID,2014,521362
ID,2013,527670
ID,2012,510954
ID,2011,518397
ID,2010,519474
ID,2009,502530
ID,2008,537298
ID,2007,541391
ID,2006,526508
ID,2005,514313
ID,2004,503534
ID,2003,471950
ID,2002,498672
ID,2001,503420
ID,2000,544380
ID,1999,533204
ID,1998,507513
ID,1997,504020
ID,1996,501272
ID,1995,466129
ID,1994,452508
ID,1993,437169
ID,1992,422133
ID,1991,417097
ID,1990,409001
ID,1989,399732
ID,1988,365706
ID,1987,345498
ID,1986,342134
ID,1985,354814
ID,1984,346809
ID,1983,345649
ID,1982,350310
ID,1981,361884
ID,1980,347655
ID,1979,384011
ID,1978,369908
ID,1977,366421
ID,1976,362198
ID,1975,358858
ID,1974,347813
ID,1973,337008
ID,1972,334033
ID,1971,311605
ID,1970,296399
ID,1969,286782
ID,1968,287248
ID,1967,266750
ID,1966,245066
ID,1965,234742
ID,1964,230412
ID,1963,213298
ID,1962,211160
ID,1961,202853
ID,1960,190661
MD,2018,1389318
MD,2017,1343782
MD,2016,1382202
MD,2015,1421189
MD,2014,1423010
MD,2013,1411332
MD,2012,1388230
MD,2011,1429512
MD,2010,1483129
MD,2009,1455444
MD,2008,1466520
MD,2007,1505960
MD,2006,1482301
MD,2005,1596813
MD,2004,1570234
MD,2003,1590449
MD,2002,1539539
MD,2001,1451217
MD,2000,1459886
MD,1999,1425265
MD,1998,1384577
MD,1997,1386411
MD,1996,1380811
MD,1995,1341801
MD,1994,1323800
MD,1993,1315345
MD,1992,1264902
MD,1991,1274478
MD,1990,1277680
MD,1989,1320439
MD,1988,1288359
MD,1987,1249115
MD,1986,1182435
MD,1985,1160048
MD,1984,1192374
MD,1983,1120386
MD,1982,1102129
MD,1981,1140938
MD,1980,1156510
MD,1979,1219177
MD,1978,1154687
MD,1977,1129827
MD,1976,1148110
MD,1975,1069386
MD,1974,1123057
MD,1973,1214593
MD,1972,1122760
MD,1971,1104522
MD,1970,1067972
MD,1969,1023972
MD,1968,968996
MD,1967,915531
MD,1966,900300
MD,1965,859906
MD,1964,823757
MD,1963,775284
MD,1962,748394
MD,1961,699934
MD,1960,697260
LA,2018,4236511
LA,2017,4199025
LA,2016,4025142
LA,2015,3906579
LA,2014,3935182
LA,2013,3914901
LA,2012,4001505
LA,2011,4132166
LA,2010,4119164
LA,2009,4035500
LA,2008,4228087
LA,2007,4286897
LA,2006,4026180
LA,2005,3854682
LA,2004,4011693
LA,2003,3809616
LA,2002,3958145
LA,2001,3823437
LA,2000,4330579
LA,1999,4026488
LA,1998,4047864
LA,1997,4328538
LA,1996,4240432
LA,1995,4064879
LA,1994,4020890
LA,1993,3883991
LA,1992,3817827
LA,1991,3708377
LA,1990,3704139
LA,1989,3759315
LA,1988,3601826
LA,1987,3564236
LA,1986,3500802
LA,1985,3340207
LA,1984,3575817
LA,1983,3431465
LA,1982,3637354
LA,1981,3961906
LA,1980,3908929
LA,1979,4044689
LA,1978,4095231
LA,1977,3936486
LA,1976,3535790
LA,1975,3107626
LA,1974,3408243
LA,1973,3317510
LA,1972,3083286
LA,1971,2897554
LA,1970,2836864
LA,1969,2701453
LA,1968,2422111
LA,1967,2236542
LA,1966,1973892
LA,1965,1832996
LA,1964,1866221
LA,1963,1747248
LA,1962,1580187
LA,1961,1564830
LA,1960,1502163
KS,2018,1131586
KS,2017,1072599
KS,2016,1089470
KS,2015,1099664
KS,2014,1132305
KS,2013,1095903
KS,2012,1066179
KS,2011,1094759
KS,2010,1107067
KS,2009,1088231
KS,2008,1119535
KS,2007,1157469
KS,2006,1095718
KS,2005,1067023
KS,2004,1121296
KS,2003,1140145
KS,2002,1099484
KS,2001,1063914
KS,2000,1116109
KS,1999,1108311
KS,1998,1088848
KS,1997,1101174
KS,1996,1109687
KS,1995,1078398
KS,1994,1111842
KS,1993,1085841
KS,1992,1057384
KS,1991,1070458
KS,1990,1074411
KS,1989,1042967
KS,1988,1069693
KS,1987,1015692
KS,1986,974201
KS,1985,1011726
KS,1984,1016638
KS,1983,917190
KS,1982,944960
KS,1981,947309
KS,1980,1022129
KS,1979,1132093
KS,1978,1037084
KS,1977,981082
KS,1976,972467
KS,1975,924911
KS,1974,959652
KS,1973,966322
KS,1972,961171
KS,1971,908254
KS,1970,874267
KS,1969,839336
KS,1968,793842
KS,1967,722888
KS,1966,763521
KS,1965,723629
KS,1964,657075
KS,1963,641033
KS,1962,639460
KS,1961,618147
KS,1960,631316
IN,2018,2802912
IN,2017,2672520
IN,2016,2777686
IN,2015,2830812
IN,2014,2912130
IN,2013,2872002
IN,2012,2745447
IN,2011,2821430
IN,2010,2845732
IN,2009,2712923
IN,2008,2917143
IN,2007,2958525
IN,2006,2859709
IN,2005,2924177
IN,2004,2930253
IN,2003,2937199
IN,2002,2856081
IN,2001,2770456
IN,2000,2867279
IN,1999,2783212
IN,1998,2672890
IN,1997,2683207
IN,1996,2702821
IN,1995,2621213
IN,1994,2555521
IN,1993,2569179
IN,1992,2459877
IN,1991,2471077
IN,1990,2488999
IN,1989,2517053
IN,1988,2484357
IN,1987,2380691
IN,1986,2262531
IN,1985,2301292
IN,1984,2271002
IN,1983,2197757
IN,1982,2177454
IN,1981,2359274
IN,1980,2400197
IN,1979,2585762
IN,1978,2535537
IN,1977,2485596
IN,1976,2410240
IN,1975,2377767
IN,1974,2432022
IN,1973,2474472
IN,1972,2435885
IN,1971,2236217
IN,1970,2219775
IN,1969,2157093
IN,1968,2043409
IN,1967,1952042
IN,1966,1919366
IN,1965,1798393
IN,1964,1714801
IN,1963,1635028
IN,1962,1580987
IN,1961,1551091
IN,1960,1530437
RI,2018,195550
RI,2017,181988
RI,2016,185114
RI,2015,202747
RI,2014,203922
RI,2013,196930
RI,2012,183503
RI,2011,185660
RI,2010,195572
RI,2009,194851
RI,2008,194320
RI,2007,198330
RI,2006,200880
RI,2005,210046
RI,2004,216892
RI,2003,219115
RI,2002,203880
RI,2001,204161
RI,2000,205766
RI,1999,226813
RI,1998,226678
RI,1997,217889
RI,1996,220140
RI,1995,230325
RI,1994,241346
RI,1993,202715
RI,1992,246532
RI,1991,220203
RI,1990,214939
RI,1989,216864
RI,1988,223279
RI,1987,215862
RI,1986,206204
RI,1985,204275
RI,1984,192232
RI,1983,180973
RI,1982,174887
RI,1981,175209
RI,1980,185615
RI,1979,201339
RI,1978,212617
RI,1977,223147
RI,1976,215504
RI,1975,206221
RI,1974,215591
RI,1973,231946
RI,1972,236763
RI,1971,235513
RI,1970,222536
RI,1969,210703
RI,1968,197936
RI,1967,193450
RI,1966,175290
RI,1965,173485
RI,1964,178156
RI,1963,180600
RI,1962,180862
RI,1961,172905
RI,1960,187082
NY,2018,3966147
NY,2017,3797942
NY,2016,3788252
NY,2015,3862092
NY,2014,3865082
NY,2013,3742365
NY,2012,3605259
NY,2011,3779315
NY,2010,3895265
NY,2009,3698703
NY,2008,3874874
NY,2007,3958020
NY,2006,3873247
NY,2005,4153199
NY,2004,4261834
NY,2003,4163545
NY,2002,4031388
NY,2001,4021811
NY,2000,4138666
NY,1999,4061178
NY,1998,3939103
NY,1997,4013224
NY,1996,3940340
NY,1995,3791092
NY,1994,3752701
NY,1993,3813731
NY,1992,3788665
NY,1991,3703136
NY,1990,3768938
NY,1989,3771097
NY,1988,3748830
NY,1987,3658508
NY,1986,3554662
NY,1985,3508528
NY,1984,3403950
NY,1983,3353921
NY,1982,3529658
NY,1981,3673745
NY,1980,3863274
NY,1979,3972800
NY,1978,4195842
NY,1977,4195220
NY,1976,4224994
NY,1975,3925249
NY,1974,4128073
NY,1973,4419080
NY,1972,4269847
NY,1971,4251263
NY,1970,4303439
NY,1969,4200652
NY,1968,4052442
NY,1967,3955831
NY,1966,3867170
NY,1965,3664673
NY,1964,3382126
NY,1963,3305923
NY,1962,3238540
NY,1961,3093838
NY,1960,2989032
WA,2018,2052043
WA,2017,2073584
WA,2016,2052881
WA,2015,1994003
WA,2014,2006565
WA,2013,2032101
WA,2012,2008228
WA,2011,2048341
WA,2010,2004183
WA,2009,2031912
WA,2008,2041958
WA,2007,2049914
WA,2006,2084284
WA,2005,1977992
WA,2004,1943207
WA,2003,1880774
WA,2002,1876320
WA,2001,2029311
WA,2000,2248092
WA,1999,2316863
WA,1998,2229278
WA,1997,2149761
WA,1996,2117820
WA,1995,2141400
WA,1994,2094429
WA,1993,2105459
WA,1992,2105928
WA,1991,2072434
WA,1990,2078810
WA,1989,2013008
WA,1988,1947741
WA,1987,1810437
WA,1986,1758552
WA,1985,1724684
WA,1984,1724697
WA,1983,1624957
WA,1982,1667861
WA,1981,1762292
WA,1980,1636821
WA,1979,1667783
WA,1978,1616207
WA,1977,1524554
WA,1976,1506955
WA,1975,1458166
WA,1974,1494231
WA,1973,1498556
WA,1972,1462402
WA,1971,1320979
WA,1970,1294145
WA,1969,1296162
WA,1968,1210234
WA,1967,1112762
WA,1966,1058961
WA,1965,996454
WA,1964,961435
WA,1963,900608
WA,1962,860062
WA,1961,823383
WA,1960,807277
TN,2018,2244754
TN,2017,2174331
TN,2016,2212136
TN,2015,2187289
TN,2014,2212228
TN,2013,2144209
TN,2012,2088998
TN,2011,2203861
TN,2010,2257629
TN,2009,2087484
TN,2008,2283921
TN,2007,2345222
TN,2006,2332636
TN,2005,2341365
TN,2004,2282706
TN,2003,2252846
TN,2002,2235042
TN,2001,2209605
TN,2000,2197309
TN,1999,2163553
TN,1998,2118307
TN,1997,2036478
TN,1996,2059423
TN,1995,1951894
TN,1994,1933445
TN,1993,1882954
TN,1992,1849079
TN,1991,1803881
TN,1990,1804944
TN,1989,1829468
TN,1988,1777007
TN,1987,1712673
TN,1986,1700016
TN,1985,1711499
TN,1984,1737534
TN,1983,1660254
TN,1982,1611851
TN,1981,1693019
TN,1980,1724916
TN,1979,1800371
TN,1978,1762976
TN,1977,1779374
TN,1976,1720063
TN,1975,1614225
TN,1974,1578503
TN,1973,1614086
TN,1972,1473992
TN,1971,1371116
TN,1970,1365610
TN,1969,1340773
TN,1968,1284591
TN,1967,1236057
TN,1966,1231562
TN,1965,1137343
TN,1964,1088445
TN,1963,1062187
TN,1962,1015575
TN,1961,978121
TN,1960,962617
NH,2018,324867
NH,2017,317422
NH,2016,306741
NH,2015,316119
NH,2014,313890
NH,2013,305894
NH,2012,287475
NH,2011,296253
NH,2010,298376
NH,2009,297987
NH,2008,301470
NH,2007,309086
NH,2006,307906
NH,2005,326092
NH,2004,332093
NH,2003,325619
NH,2002,316339
NH,2001,306523
NH,2000,309761
NH,1999,292260
NH,1998,282000
NH,1997,279217
NH,1996,279664
NH,1995,267526
NH,1994,264573
NH,1993,261384
NH,1992,261635
NH,1991,253893
NH,1990,267260
NH,1989,272775
NH,1988,273541
NH,1987,273261
NH,1986,252309
NH,1985,233475
NH,1984,224289
NH,1983,204533
NH,1982,201336
NH,1981,200294
NH,1980,208260
NH,1979,210760
NH,1978,233236
NH,1977,230352
NH,1976,226976
NH,1975,201882
NH,1974,206500
NH,1973,216617
NH,1972,212305
NH,1971,201058
NH,1970,186601
NH,1969,176217
NH,1968,159459
NH,1967,149526
NH,1966,144764
NH,1965,131247
NH,1964,133091
NH,1963,133691
NH,1962,128225
NH,1961,119931
NH,1960,112158
OK,2018,1700833
OK,2017,1632288
OK,2016,1615332
OK,2015,1614426
OK,2014,1672131
OK,2013,1607154
OK,2012,1553220
OK,2011,1568068
OK,2010,1569956
OK,2009,1492392
OK,2008,1582452
OK,2007,1572521
OK,2006,1566694
OK,2005,1527097
OK,2004,1477461
OK,2003,1488461
OK,2002,1458526
OK,2001,1508230
OK,2000,1486799
OK,1999,1432209
OK,1998,1449160
OK,1997,1444227
OK,1996,1438055
OK,1995,1376001
OK,1994,1402103
OK,1993,1396903
OK,1992,1337475
OK,1991,1321377
OK,1990,1393309
OK,1989,1325070
OK,1988,1291311
OK,1987,1256837
OK,1986,1203182
OK,1985,1297798
OK,1984,1322507
OK,1983,1316946
OK,1982,1318075
OK,1981,1248960
OK,1980,1213993
OK,1979,1322376
OK,1978,1266603
OK,1977,1224894
OK,1976,1162766
OK,1975,1070091
OK,1974,1064042
OK,1973,1024152
OK,1972,1019204
OK,1971,965680
OK,1970,939226
OK,1969,886447
OK,1968,843549
OK,1967,763519
OK,1966,744879
OK,1965,774367
OK,1964,802725
OK,1963,768636
OK,1962,692041
OK,1961,582692
OK,1960,580906
VA,2018,2458642
VA,2017,2354690
VA,2016,2376235
VA,2015,2418788
VA,2014,2466130
VA,2013,2423875
VA,2012,2357496
VA,2011,2421275
VA,2010,2524756
VA,2009,2429455
VA,2008,2544221
VA,2007,2643190
VA,2006,2581074
VA,2005,2642157
VA,2004,2567450
VA,2003,2442514
VA,2002,2370458
VA,2001,2337547
VA,2000,2405827
VA,1999,2308982
VA,1998,2245041
VA,1997,2219906
VA,1996,2221828
VA,1995,2167244
VA,1994,2099517
VA,1993,2075789
VA,1992,2000648
VA,1991,1975083
VA,1990,1969215
VA,1989,1965088
VA,1988,1921950
VA,1987,1847217
VA,1986,1756943
VA,1985,1670500
VA,1984,1636831
VA,1983,1559137
VA,1982,1501050
VA,1981,1514259
VA,1980,1530854
VA,1979,1568370
VA,1978,1515163
VA,1977,1486224
VA,1976,1443835
VA,1975,1358994
VA,1974,1382349
VA,1973,1435070
VA,1972,1375395
VA,1971,1322363
VA,1970,1279028
VA,1969,1237230
VA,1968,1197529
VA,1967,1137190
VA,1966,1116959
VA,1965,1046094
VA,1964,969280
VA,1963,939691
VA,1962,883702
VA,1961,854600
VA,1960,851297
NV,2018,771302
NV,2017,750388
NV,2016,720385
NV,2015,690780
NV,2014,701723
NV,2013,700886
NV,2012,680934
NV,2011,683912
NV,2010,692728
NV,2009,651354
NV,2008,697172
NV,2007,733140
NV,2006,744557
NV,2005,704990
NV,2004,685415
NV,2003,652215
NV,2002,626631
NV,2001,632924
NV,2000,625647
NV,1999,606178
NV,1998,583779
NV,1997,565909
NV,1996,560931
NV,1995,514831
NV,1994,499559
NV,1993,460325
NV,1992,436191
NV,1991,421560
NV,1990,410370
NV,1989,389011
NV,1988,353306
NV,1987,330578
NV,1986,303314
NV,1985,302688
NV,1984,300567
NV,1983,300667
NV,1982,290160
NV,1981,286208
NV,1980,291313
NV,1979,296498
NV,1978,282200
NV,1977,256716
NV,1976,250239
NV,1975,238093
NV,1974,233766
NV,1973,233459
NV,1972,217655
NV,1971,201661
NV,1970,190122
NV,1969,176999
NV,1968,163400
NV,1967,150718
NV,1966,144957
NV,1965,130174
NV,1964,133731
NV,1963,123243
NV,1962,112985
NV,1961,104789
NV,1960,90994
MO,2018,1858671
MO,2017,1740763
MO,2016,1778646
MO,2015,1830154
MO,2014,1911779
MO,2013,1852858
MO,2012,1790008
MO,2011,1868832
MO,2010,1927396
MO,2009,1845179
MO,2008,1948878
MO,2007,1985695
MO,2006,1967681
MO,2005,1982290
MO,2004,1894079
MO,2003,1883450
MO,2002,1878573
MO,2001,1864062
MO,2000,1831457
MO,1999,1890358
MO,1998,1849558
MO,1997,1802761
MO,1996,1804740
MO,1995,1717666
MO,1994,1658124
MO,1993,1645347
MO,1992,1532026
MO,1991,1540305
MO,1990,1506669
MO,1989,1511766
MO,1988,1500220
MO,1987,1430886
MO,1986,1407765
MO,1985,1405803
MO,1984,1382791
MO,1983,1364968
MO,1982,1361929
MO,1981,1364588
MO,1980,1422627
MO,1979,1530220
MO,1978,1556126
MO,1977,1505717
MO,1976,1471585
MO,1975,1412553
MO,1974,1399043
MO,1973,1418725
MO,1972,1383498
MO,1971,1326842
MO,1970,1309269
MO,1969,1265602
MO,1968,1211237
MO,1967,1132505
MO,1966,1102147
MO,1965,1043038
MO,1964,989314
MO,1963,954239
MO,1962,939806
MO,1961,898673
MO,1960,899857
NC,2018,2683391
NC,2017,2573273
NC,2016,2613203
NC,2015,2591179
NC,2014,2597589
NC,2013,2553147
NC,2012,2533963
NC,2011,2624425
NC,2010,2750544
NC,2009,2557016
NC,2008,2698574
NC,2007,2686309
NC,2006,2650024
NC,2005,2702237
NC,2004,2668617
NC,2003,2594352
NC,2002,2575450
NC,2001,2551460
NC,2000,2612315
NC,1999,2494294
NC,1998,2474626
NC,1997,2428449
NC,1996,2449409
NC,1995,2361657
NC,1994,2242614
NC,1993,2234705
NC,1992,2146014
NC,1991,2053070
NC,1990,2064098
NC,1989,2064537
NC,1988,2044646
NC,1987,1966269
NC,1986,1879993
NC,1985,1797051
NC,1984,1800225
NC,1983,1668995
NC,1982,1592073
NC,1981,1629516
NC,1980,1667382
NC,1979,1730521
NC,1978,1665364
NC,1977,1633866
NC,1976,1558503
NC,1975,1458782
NC,1974,1501847
NC,1973,1551096
NC,1972,1480269
NC,1971,1403918
NC,1970,1342676
NC,1969,1281029
NC,1968,1211104
NC,1967,1137963
NC,1966,1089558
NC,1965,1000435
NC,1964,967053
NC,1963,930073
NC,1962,902745
NC,1961,858960
NC,1960,826470
TX,2018,14016691
TX,2017,13161619
TX,2016,12990103
TX,2015,12768286
TX,2014,12636351
TX,2013,12635931
TX,2012,11867598
TX,2011,11837561
TX,2010,11616108
TX,2009,10884447
TX,2008,11263778
TX,2007,11779339
TX,2006,11677436
TX,2005,11539444
TX,2004,12074332
TX,2003,12028704
TX,2002,12241015
TX,2001,11942555
TX,2000,12141592
TX,1999,11788094
TX,1998,12161299
TX,1997,11984538
TX,1996,11579043
TX,1995,10811073
TX,1994,10663278
TX,1993,10350894
TX,1992,10253144
TX,1991,10094638
TX,1990,10091766
TX,1989,10093725
TX,1988,9811771
TX,1987,9240071
TX,1986,9007599
TX,1985,9011817
TX,1984,8946242
TX,1983,8406461
TX,1982,8471165
TX,1981,9147369
TX,1980,9385532
TX,1979,9307928
TX,1978,8941144
TX,1977,8475779
TX,1976,7835920
TX,1975,7511439
TX,1974,8093721
TX,1973,8241366
TX,1972,7623194
TX,1971,7233774
TX,1970,6921781
TX,1969,6656323
TX,1968,6268911
TX,1967,5879030
TX,1966,5557255
TX,1965,5212184
TX,1964,5012683
TX,1963,4894089
TX,1962,4640675
TX,1961,4447880
TX,1960,4416216
MA,2018,1477346
MA,2017,1439339
MA,2016,1428821
MA,2015,1471553
MA,2014,1456045
MA,2013,1445156
MA,2012,1377238
MA,2011,1412179
MA,2010,1434452
MA,2009,1375637
MA,2008,1435835
MA,2007,1458176
MA,2006,1432786
MA,2005,1503542
MA,2004,1498063
MA,2003,1499087
MA,2002,1533530
MA,2001,1516968
MA,2000,1535714
MA,1999,1450436
MA,1998,1428047
MA,1997,1456922
MA,1996,1463140
MA,1995,1436968
MA,1994,1451557
MA,1993,1445182
MA,1992,1443841
MA,1991,1376472
MA,1990,1418231
MA,1989,1459706
MA,1988,1427362
MA,1987,1404906
MA,1986,1383264
MA,1985,1313664
MA,1984,1292240
MA,1983,1231961
MA,1982,1234902
MA,1981,1215717
MA,1980,1246693
MA,1979,1308451
MA,1978,1471615
MA,1977,1486580
MA,1976,1499176
MA,1975,1420313
MA,1974,1475055
MA,1973,1581551
MA,1972,1546466
MA,1971,1493798
MA,1970,1464384
MA,1969,1402415
MA,1968,1373613
MA,1967,1326492
MA,1966,1247984
MA,1965,1245258
MA,1964,1119625
MA,1963,1083270
MA,1962,1111915
MA,1961,1079950
MA,1960,1054127
MT,2018,436102
MT,2017,422804
MT,2016,406600
MT,2015,403707
MT,2014,405599
MT,2013,406459
MT,2012,397117
MT,2011,404197
MT,2010,404984
MT,2009,427247
MT,2008,456670
MT,2007,469914
MT,2006,441656
MT,2005,422087
MT,2004,401702
MT,2003,379721
MT,2002,381613
MT,2001,357848
MT,2000,410631
MT,1999,395931
MT,1998,391347
MT,1997,367605
MT,1996,397805
MT,1995,391902
MT,1994,371882
MT,1993,367830
MT,1992,349443
MT,1991,355349
MT,1990,350590
MT,1989,351807
MT,1988,341806
MT,1987,329241
MT,1986,352552
MT,1985,370198
MT,1984,359490
MT,1983,323449
MT,1982,316999
MT,1981,337187
MT,1980,360216
MT,1979,397177
MT,1978,383374
MT,1977,361105
MT,1976,365130
MT,1975,345409
MT,1974,351944
MT,1973,347660
MT,1972,342383
MT,1971,333934
MT,1970,322784
MT,1969,314298
MT,1968,280467
MT,1967,260368
MT,1966,275598
MT,1965,258824
MT,1964,263813
MT,1963,252510
MT,1962,248275
MT,1961,241691
MT,1960,227460
CT,2018,757617
CT,2017,729933
CT,2016,724869
CT,2015,757385
CT,2014,752571
CT,2013,747660
CT,2012,729271
CT,2011,744433
CT,2010,770893
CT,2009,766459
CT,2008,774596
CT,2007,842121
CT,2006,819794
CT,2005,875720
CT,2004,907100
CT,2003,894334
CT,2002,815224
CT,2001,829136
CT,2000,844550
CT,1999,834267
CT,1998,791157
CT,1997,811129
CT,1996,820990
CT,1995,782296
CT,1994,800069
CT,1993,795996
CT,1992,810197
CT,1991,776710
CT,1990,775896
CT,1989,811311
CT,1988,795471
CT,1987,763522
CT,1986,739744
CT,1985,723070
CT,1984,715073
CT,1983,688418
CT,1982,696739
CT,1981,695795
CT,1980,728226
CT,1979,755692
CT,1978,768737
CT,1977,748110
CT,1976,742109
CT,1975,689513
CT,1974,714126
CT,1973,743064
CT,1972,717611
CT,1971,682588
CT,1970,693930
CT,1969,667657
CT,1968,648770
CT,1967,624114
CT,1966,609289
CT,1965,569505
CT,1964,563507
CT,1963,545224
CT,1962,536644
CT,1961,518130
CT,1960,507999
DC,2018,174538
DC,2017,166877
DC,2016,174223
DC,2015,178219
DC,2014,179278
DC,2013,174798
DC,2012,172778
DC,2011,183642
DC,2010,190374
DC,2009,186485
DC,2008,184104
DC,2007,194925
DC,2006,186421
DC,2005,200935
DC,2004,201417
DC,2003,193758
DC,2002,197752
DC,2001,193476
DC,2000,198048
DC,1999,191690
DC,1998,186974
DC,1997,191092
DC,1996,193511
DC,1995,196284
DC,1994,193593
DC,1993,198476
DC,1992,191482
DC,1991,191358
DC,1990,185266
DC,1989,180533
DC,1988,174976
DC,1987,174233
DC,1986,174696
DC,1985,165934
DC,1984,167024
DC,1983,162575
DC,1982,163811
DC,1981,149271
DC,1980,153262
DC,1979,152431
DC,1978,160278
DC,1977,163353
DC,1976,164436
DC,1975,163161
DC,1974,171284
DC,1973,193442
DC,1972,188830
DC,1971,199397
DC,1970,205891
DC,1969,195629
DC,1968,181890
DC,1967,182216
DC,1966,169525
DC,1965,159170
DC,1964,132268
DC,1963,121016
DC,1962,120458
DC,1961,118175
DC,1960,119871
MN,2018,1948222
MN,2017,1870988
MN,2016,1840948
MN,2015,1816123
MN,2014,1944778
MN,2013,1889356
MN,2012,1815602
MN,2011,1853295
MN,2010,1863247
MN,2009,1786176
MN,2008,1913253
MN,2007,1896785
MN,2006,1843501
MN,2005,1871803
MN,2004,1863445
MN,2003,1863727
MN,2002,1785661
MN,2001,1720944
MN,2000,1749107
MN,1999,1700105
MN,1998,1624327
MN,1997,1653900
MN,1996,1685217
MN,1995,1612469
MN,1994,1522324
MN,1993,1486122
MN,1992,1442310
MN,1991,1434833
MN,1990,1409665
MN,1989,1392696
MN,1988,1355217
MN,1987,1251390
MN,1986,1245900
MN,1985,1258254
MN,1984,1251746
MN,1983,1190390
MN,1982,1187287
MN,1981,1176563
MN,1980,1224226
MN,1979,1350455
MN,1978,1350594
MN,1977,1257346
MN,1976,1293627
MN,1975,1246041
MN,1974,1237566
MN,1973,1257708
MN,1972,1209799
MN,1971,1148516
MN,1970,1107892
MN,1969,1081915
MN,1968,991475
MN,1967,929413
MN,1966,922187
MN,1965,865284
MN,1964,816048
MN,1963,775637
MN,1962,766680
MN,1961,728237
MN,1960,723031
OH,2018,3763857
OH,2017,3616799
OH,2016,3663315
OH,2015,3707365
OH,2014,3793214
OH,2013,3685740
OH,2012,3613898
OH,2011,3754417
OH,2010,3788440
OH,2009,3666515
OH,2008,3999755
OH,2007,4049462
OH,2006,3921590
OH,2005,4081428
OH,2004,4054623
OH,2003,4020593
OH,2002,3954608
OH,2001,4010965
OH,2000,4273427
OH,1999,4245853
OH,1998,4080012
OH,1997,4180825
OH,1996,4196129
OH,1995,4109185
OH,1994,4026924
OH,1993,3917038
OH,1992,3864860
OH,1991,3821363
OH,1990,3822978
OH,1989,3953736
OH,1988,3844211
OH,1987,3708183
OH,1986,3591701
OH,1985,3622387
OH,1984,3646301
OH,1983,3444507
OH,1982,3507765
OH,1981,3848330
OH,1980,3950811
OH,1979,4261990
OH,1978,4275771
OH,1977,4198403
OH,1976,4208900
OH,1975,3979902
OH,1974,4198106
OH,1973,4218370
OH,1972,4125705
OH,1971,3871518
OH,1970,3932645
OH,1969,3856077
OH,1968,3710053
OH,1967,3543981
OH,1966,3539868
OH,1965,3369016
OH,1964,3215365
OH,1963,3113988
OH,1962,3036395
OH,1961,2898735
OH,1960,2994711
NM,2018,700712
NM,2017,682433
NM,2016,670986
NM,2015,678029
NM,2014,679143
NM,2013,669707
NM,2012,666554
NM,2011,669371
NM,2010,651141
NM,2009,644532
NM,2008,677716
NM,2007,715812
NM,2006,692403
NM,2005,685556
NM,2004,685076
NM,2003,661104
NM,2002,659860
NM,2001,661741
NM,2000,662696
NM,1999,640158
NM,1998,636391
NM,1997,644523
NM,1996,605377
NM,1995,582688
NM,1994,590989
NM,1993,602796
NM,1992,587579
NM,1991,590778
NM,1990,597445
NM,1989,535009
NM,1988,510363
NM,1987,485504
NM,1986,454881
NM,1985,466444
NM,1984,474648
NM,1983,472744
NM,1982,465226
NM,1981,472741
NM,1980,480615
NM,1979,480612
NM,1978,475173
NM,1977,473306
NM,1976,508860
NM,1975,459396
NM,1974,476488
NM,1973,477784
NM,1972,501736
NM,1971,469511
NM,1970,458694
NM,1969,429135
NM,1968,436306
NM,1967,407731
NM,1966,375974
NM,1965,353197
NM,1964,365774
NM,1963,370467
NM,1962,376092
NM,1961,340085
NM,1960,328439
AZ,2018,1536139
AZ,2017,1525165
AZ,2016,1519920
AZ,2015,1490284
AZ,2014,1468463
AZ,2013,1458318
AZ,2012,1439830
AZ,2011,1471200
AZ,2010,1429294
AZ,2009,1380048
AZ,2008,1465556
AZ,2007,1498161
AZ,2006,1491843
AZ,2005,1443202
AZ,2004,1404379
AZ,2003,1354531
AZ,2002,1334303
AZ,2001,1341725
AZ,2000,1332442
AZ,1999,1285004
AZ,1998,1240977
AZ,1997,1187416
AZ,1996,1163696
AZ,1995,1095057
AZ,1994,1056612
AZ,1993,1000843
AZ,1992,985332
AZ,1991,955235
AZ,1990,950195
AZ,1989,943115
AZ,1988,906415
AZ,1987,865824
AZ,1986,852973
AZ,1985,843102
AZ,1984,802626
AZ,1983,758000
AZ,1982,746494
AZ,1981,787920
AZ,1980,754491
AZ,1979,786479
AZ,1978,747985
AZ,1977,738889
AZ,1976,691884
AZ,1975,660004
AZ,1974,676309
AZ,1973,670117
AZ,1972,616452
AZ,1971,554212
AZ,1970,520401
AZ,1969,498192
AZ,1968,456156
AZ,1967,414501
AZ,1966,403460
AZ,1965,375200
AZ,1964,369663
AZ,1963,348302
AZ,1962,324913
AZ,1961,304835
AZ,1960,282993
NJ,2018,2199436
NJ,2017,2095171
NJ,2016,2140812
NJ,2015,2186582
NJ,2014,2234479
NJ,2013,2221466
NJ,2012,2176363
NJ,2011,2280288
NJ,2010,2293141
NJ,2009,2372781
NJ,2008,2594260
NJ,2007,2666626
NJ,2006,2541933
NJ,2005,2659566
NJ,2004,2564633
NJ,2003,2520182
NJ,2002,2491243
NJ,2001,2458361
NJ,2000,2483350
NJ,1999,2574684
NJ,1998,2459982
NJ,1997,2502225
NJ,1996,2488069
NJ,1995,2487294
NJ,1994,2491674
NJ,1993,2381585
NJ,1992,2372206
NJ,1991,2290891
NJ,1990,2262859
NJ,1989,2354787
NJ,1988,2293960
NJ,1987,2276016
NJ,1986,2200878
NJ,1985,2137379
NJ,1984,2184942
NJ,1983,2087571
NJ,1982,2064991
NJ,1981,2026137
NJ,1980,2042226
NJ,1979,2032650
NJ,1978,2020375
NJ,1977,2005608
NJ,1976,2070578
NJ,1975,1883779
NJ,1974,1981582
NJ,1973,2122047
NJ,1972,2079998
NJ,1971,1970817
NJ,1970,1977939
NJ,1969,1896202
NJ,1968,1841016
NJ,1967,1768292
NJ,1966,1667786
NJ,1965,1569751
NJ,1964,1538414
NJ,1963,1501224
NJ,1962,1460847
NJ,1961,1361749
NJ,1960,1301938
NE,2018,909766
NE,2017,872401
NE,2016,864238
NE,2015,851609
NE,2014,867308
NE,2013,870583
NE,2012,851689
NE,2011,862250
NE,2010,860337
NE,2009,778869
NE,2008,796063
NE,2007,757842
NE,2006,721474
NE,2005,704826
NE,2004,697628
NE,2003,685709
NE,2002,675942
NE,2001,664390
NE,2000,667989
NE,1999,664584
NE,1998,674687
NE,1997,658015
NE,1996,644490
NE,1995,613636
NE,1994,585367
NE,1993,560302
NE,1992,531594
NE,1991,542836
NE,1990,533802
NE,1989,533925
NE,1988,535116
NE,1987,495732
NE,1986,482525
NE,1985,499912
NE,1984,506451
NE,1983,502801
NE,1982,492029
NE,1981,477613
NE,1980,507068
NE,1979,545126
NE,1978,556658
NE,1977,556876
NE,1976,554831
NE,1975,525658
NE,1974,518540
NE,1973,522129
NE,1972,509525
NE,1971,496173
NE,1970,487481
NE,1969,455912
NE,1968,422750
NE,1967,385223
NE,1966,389146
NE,1965,348616
NE,1964,347076
NE,1963,334977
NE,1962,327421
NE,1961,314944
NE,1960,307836
MS,2018,1105319
MS,2017,1067692
MS,2016,1067598
MS,2015,1081312
MS,2014,1098099
MS,2013,1086745
MS,2012,1108996
MS,2011,1125367
MS,2010,1149759
MS,2009,1111703
MS,2008,1166061
MS,2007,1225189
MS,2006,1211461
MS,2005,1175656
MS,2004,1209335
MS,2003,1206235
MS,2002,1174307
MS,2001,1132667
MS,2000,1245835
MS,1999,1238413
MS,1998,1141236
MS,1997,1148411
MS,1996,1148611
MS,1995,1120526
MS,1994,1093733
MS,1993,1076443
MS,1992,1067309
MS,1991,1042158
MS,1990,1019810
MS,1989,959292
MS,1988,917601
MS,1987,868802
MS,1986,846367
MS,1985,837167
MS,1984,858698
MS,1983,819939
MS,1982,814290
MS,1981,817881
MS,1980,833876
MS,1979,877571
MS,1978,849268
MS,1977,819170
MS,1976,778923
MS,1975,771990
MS,1974,817314
MS,1973,847974
MS,1972,830744
MS,1971,786107
MS,1970,746912
MS,1969,684793
MS,1968,645521
MS,1967,579960
MS,1966,566410
MS,1965,511644
MS,1964,513324
MS,1963,473278
MS,1962,438300
MS,1961,411387
MS,1960,404939
ND,2018,658040
ND,2017,630230
ND,2016,584402
ND,2015,609464
ND,2014,642574
ND,2013,592265
ND,2012,550334
ND,2011,526201
ND,2010,474263
ND,2009,435055
ND,2008,444397
ND,2007,437978
ND,2006,416023
ND,2005,409142
ND,2004,404459
ND,2003,400838
ND,2002,401218
ND,2001,407370
ND,2000,381565
ND,1999,375585
ND,1998,347752
ND,1997,359732
ND,1996,353238
ND,1995,350175
ND,1994,342000
ND,1993,332142
ND,1992,329126
ND,1991,322894
ND,1990,312939
ND,1989,319110
ND,1988,306556
ND,1987,302940
ND,1986,303900
ND,1985,300438
ND,1984,259557
ND,1983,230477
ND,1982,234682
ND,1981,236161
ND,1980,222373
ND,1979,237989
ND,1978,230012
ND,1977,210359
ND,1976,210442
ND,1975,206515
ND,1974,204358
ND,1973,202197
ND,1972,203742
ND,1971,195302
ND,1970,191117
ND,1969,192560
ND,1968,191968
ND,1967,185106
ND,1966,180786
ND,1965,169405
ND,1964,172006
ND,1963,170619
ND,1962,164872
ND,1961,154763
ND,1960,159415
MI,2018,2918217
MI,2017,2807475
MI,2016,2807671
MI,2015,2830437
MI,2014,2913550
MI,2013,2868665
MI,2012,2718129
MI,2011,2822248
MI,2010,2783826
MI,2009,2690321
MI,2008,2915379
MI,2007,3022749
MI,2006,3046605
MI,2005,3215169
MI,2004,3164951
MI,2003,3202233
MI,2002,3161372
MI,2001,3104288
MI,2000,3225008
MI,1999,3227372
MI,1998,3058629
MI,1997,3106640
MI,1996,3105729
MI,1995,3000186
MI,1994,2871299
MI,1993,2847744
MI,1992,2850077
MI,1991,2800618
MI,1990,2866603
MI,1989,2845535
MI,1988,2812015
MI,1987,2639558
MI,1986,2651892
MI,1985,2634458
MI,1984,2597220
MI,1983,2521430
MI,1982,2525049
MI,1981,2673062
MI,1980,2824417
MI,1979,2923445
MI,1978,2942354
MI,1977,2873174
MI,1976,2983999
MI,1975,2865742
MI,1974,2916310
MI,1973,3060405
MI,1972,2970324
MI,1971,2798196
MI,1970,2702538
MI,1969,2734264
MI,1968,2627315
MI,1967,2490875
MI,1966,2430278
MI,1965,2278302
MI,1964,2140394
MI,1963,2072621
MI,1962,1985156
MI,1961,1876674
MI,1960,1851644
OR,2018,1016622
OR,2017,1035957
OR,2016,988099
OR,2015,972295
OR,2014,994052
OR,2013,997782
OR,2012,978670
OR,2011,1007913
OR,2010,982915
OR,2009,1012804
OR,2008,1047192
OR,2007,1062795
OR,2006,1077541
OR,2005,1043014
OR,2004,1012895
OR,2003,1017177
OR,2002,1038743
OR,2001,1043441
OR,2000,1135473
OR,1999,1150420
OR,1998,1125373
OR,1997,1114829
OR,1996,1103336
OR,1995,1059502
OR,1994,1053488
OR,1993,1038599
OR,1992,1019290
OR,1991,1026228
OR,1990,993039
OR,1989,999506
OR,1988,991005
OR,1987,940455
OR,1986,895457
OR,1985,913873
OR,1984,936508
OR,1983,868020
OR,1982,905941
OR,1981,939039
OR,1980,945029
OR,1979,977131
OR,1978,951139
OR,1977,885093
OR,1976,885915
OR,1975,867638
OR,1974,837588
OR,1973,854962
OR,1972,837435
OR,1971,796879
OR,1970,752924
OR,1969,733064
OR,1968,691620
OR,1967,646405
OR,1966,630433
OR,1965,591834
OR,1964,578504
OR,1963,527201
OR,1962,509385
OR,1961,485140
OR,1960,470579
UT,2018,845123
UT,2017,828169
UT,2016,807883
UT,2015,798820
UT,2014,794953
UT,2013,822442
UT,2012,786427
UT,2011,790651
UT,2010,753481
UT,2009,742250
UT,2008,768036
UT,2007,781023
UT,2006,779275
UT,2005,762159
UT,2004,735427
UT,2003,704447
UT,2002,693795
UT,2001,713979
UT,2000,744480
UT,1999,699762
UT,1998,707959
UT,1997,684793
UT,1996,670541
UT,1995,640342
UT,1994,589907
UT,1993,579508
UT,1992,554346
UT,1991,568042
UT,1990,538104
UT,1989,537620
UT,1988,526305
UT,1987,462389
UT,1986,470786
UT,1985,500434
UT,1984,504008
UT,1983,491810
UT,1982,467638
UT,1981,478203
UT,1980,504574
UT,1979,526397
UT,1978,510695
UT,1977,486089
UT,1976,510233
UT,1975,480756
UT,1974,473666
UT,1973,457776
UT,1972,428177
UT,1971,415199
UT,1970,397019
UT,1969,395838
UT,1968,365623
UT,1967,345267
UT,1966,350834
UT,1965,339504
UT,1964,334525
UT,1963,311815
UT,1962,310319
UT,1961,300811
UT,1960,303229
PA,2018,3939696
PA,2017,3772665
PA,2016,3766269
PA,2015,3904271
PA,2014,3990245
PA,2013,3861305
PA,2012,3648057
PA,2011,3755969
PA,2010,3760609
PA,2009,3625630
PA,2008,3942348
PA,2007,3963066
PA,2006,3908856
PA,2005,4035405
PA,2004,4008376
PA,2003,3961080
PA,2002,3911083
PA,2001,3849655
PA,2000,3942074
PA,1999,3770848
PA,1998,3730912
PA,1997,3889569
PA,1996,3923633
PA,1995,3888467
PA,1994,3829642
PA,1993,3755566
PA,1992,3684806
PA,1991,3584645
PA,1990,3647112
PA,1989,3738812
PA,1988,3713946
PA,1987,3551982
PA,1986,3378296
PA,1985,3434064
PA,1984,3604664
PA,1983,3377212
PA,1982,3363346
PA,1981,3809830
PA,1980,3996299
PA,1979,4249658
PA,1978,4128436
PA,1977,4127190
PA,1976,4164173
PA,1975,3913887
PA,1974,4124018
PA,1973,4294356
PA,1972,4187795
PA,1971,4044955
PA,1970,4106916
PA,1969,3982119
PA,1968,3959290
PA,1967,3816103
PA,1966,3831882
PA,1965,3731977
PA,1964,3588928
PA,1963,3391013
PA,1962,3255423
PA,1961,3146037
PA,1960,3253214
WY,2018,557554
WY,2017,534835
WY,2016,504779
WY,2015,506891
WY,2014,536035
WY,2013,539741
WY,2012,550759
WY,2011,557522
WY,2010,540828
WY,2009,524122
WY,2008,538379
WY,2007,523640
WY,2006,478077
WY,2005,456839
WY,2004,450647
WY,2003,461215
WY,2002,438549
WY,2001,438258
WY,2000,427791
WY,1999,425120
WY,1998,420795
WY,1997,414704
WY,1996,415040
WY,1995,403151
WY,1994,407936
WY,1993,406877
WY,1992,421423
WY,1991,388124
WY,1990,399316
WY,1989,382037
WY,1988,370702
WY,1987,363821
WY,1986,335938
WY,1985,357215
WY,1984,351234
WY,1983,329172
WY,1982,363372
WY,1981,352782
WY,1980,362253
WY,1979,378316
WY,1978,354800
WY,1977,325289
WY,1976,300313
WY,1975,277367
WY,1974,278885
WY,1973,283507
WY,1972,286868
WY,1971,268453
WY,1970,255480
WY,1969,250536
WY,1968,225588
WY,1967,205150
WY,1966,180286
WY,1965,172698
WY,1964,163391
WY,1963,163153
WY,1962,173407
WY,1961,154474
WY,1960,141355
SC,2018,1666115
SC,2017,1644207
SC,2016,1648814
SC,2015,1655921
SC,2014,1637758
SC,2013,1596802
SC,2012,1565564
SC,2011,1612057
SC,2010,1654573
SC,2009,1573712
SC,2008,1637705
SC,2007,1670947
SC,2006,1693408
SC,2005,1684154
SC,2004,1712248
SC,2003,1607730
SC,2002,1601989
SC,2001,1563023
SC,2000,1614128
SC,1999,1567482
SC,1998,1561047
SC,1997,1514026
SC,1996,1465968
SC,1995,1426887
SC,1994,1369400
SC,1993,1368980
SC,1992,1311056
SC,1991,1294733
SC,1990,1269960
SC,1989,1243836
SC,1988,1235317
SC,1987,1178512
SC,1986,1142219
SC,1985,1076310
SC,1984,1069330
SC,1983,1006503
SC,1982,973134
SC,1981,1002177
SC,1980,997901
SC,1979,984487
SC,1978,994484
SC,1977,1000303
SC,1976,964613
SC,1975,840874
SC,1974,858642
SC,1973,886118
SC,1972,834960
SC,1971,779638
SC,1970,745729
SC,1969,699204
SC,1968,654373
SC,1967,603092
SC,1966,593446
SC,1965,554319
SC,1964,560524
SC,1963,561023
SC,1962,540137
SC,1961,507093
SC,1960,489216
VT,2018,138524
VT,2017,134028
VT,2016,134800
VT,2015,140301
VT,2014,140039
VT,2013,137147
VT,2012,129223
VT,2011,151413
VT,2010,155576
VT,2009,156687
VT,2008,146384
VT,2007,154815
VT,2006,157716
VT,2005,161183
VT,2004,162653
VT,2003,152335
VT,2002,149732
VT,2001,148858
VT,2000,148507
VT,1999,135030
VT,1998,137295
VT,1997,145799
VT,1996,141121
VT,1995,134056
VT,1994,136875
VT,1993,137459
VT,1992,139627
VT,1991,133727
VT,1990,127389
VT,1989,142529
VT,1988,144630
VT,1987,137510
VT,1986,128263
VT,1985,134538
VT,1984,132836
VT,1983,123272
VT,1982,115117
VT,1981,120672
VT,1980,125793
VT,1979,131782
VT,1978,134455
VT,1977,129325
VT,1976,131790
VT,1975,114356
VT,1974,116837
VT,1973,126434
VT,1972,123917
VT,1971,116968
VT,1970,113222
VT,1969,106584
VT,1968,100490
VT,1967,94557
VT,1966,90907
VT,1965,83090
VT,1964,72070
VT,1963,74605
VT,1962,74781
VT,1961,71941
VT,1960,68554
WI,2018,1892755
WI,2017,1811015
WI,2016,1797172
WI,2015,1812073
WI,2014,1888717
WI,2013,1832506
WI,2012,1737312
WI,2011,1797511
WI,2010,1812059
WI,2009,1764012
WI,2008,1895116
WI,2007,1902606
WI,2006,1867717
WI,2005,1959179
WI,2004,1892938
WI,2003,1868851
WI,2002,1894796
WI,2001,1853341
WI,2000,1878161
WI,1999,1846061
WI,1998,1751166
WI,1997,1771900
WI,1996,1764572
WI,1995,1698061
WI,1994,1633387
WI,1993,1587871
WI,1992,1524772
WI,1991,1527216
WI,1990,1485607
WI,1989,1516590
WI,1988,1510126
WI,1987,1404088
WI,1986,1425549
WI,1985,1501131
WI,1984,1487633
WI,1983,1419852
WI,1982,1404352
WI,1981,1421298
WI,1980,1463981
WI,1979,1468965
WI,1978,1501615
WI,1977,1437713
WI,1976,1372938
WI,1975,1341892
WI,1974,1341660
WI,1973,1354483
WI,1972,1287690
WI,1971,1293197
WI,1970,1289050
WI,1969,1248392
WI,1968,1184174
WI,1967,1137123
WI,1966,1091996
WI,1965,1030533
WI,1964,974857
WI,1963,940067
WI,1962,917963
WI,1961,877011
WI,1960,854308
WV,2018,830812
WV,2017,752369
WV,2016,761497
WV,2015,768163
WV,2014,780675
WV,2013,750915
WV,2012,730491
WV,2011,737915
WV,2010,751123
WV,2009,706207
WV,2008,776230
WV,2007,789826
WV,2006,760310
WV,2005,737053
WV,2004,734849
WV,2003,711812
WV,2002,755537
WV,2001,730823
WV,2000,736985
WV,1999,717413
WV,1998,734561
WV,1997,707259
WV,1996,709036
WV,1995,736423
WV,1994,734061
WV,1993,707438
WV,1992,684688
WV,1991,671304
WV,1990,701782
WV,1989,748561
WV,1988,726601
WV,1987,681320
WV,1986,668346
WV,1985,665396
WV,1984,717840
WV,1983,681588
WV,1982,713139
WV,1981,769650
WV,1980,788175
WV,1979,823762
WV,1978,807745
WV,1977,819746
WV,1976,826694
WV,1975,790364
WV,1974,841728
WV,1973,845774
WV,1972,828980
WV,1971,779534
WV,1970,795739
WV,1969,796648
WV,1968,807461
WV,1967,739838
WV,1966,771519
WV,1965,753923
WV,1964,729022
WV,1963,689629
WV,1962,656276
WV,1961,648667
WV,1960,617977
SD,2018,396661
SD,2017,385327
SD,2016,380699
SD,2015,383735
SD,2014,390731
SD,2013,389287
SD,2012,373714
SD,2011,377877
SD,2010,377260
SD,2009,363091
SD,2008,353531
SD,2007,330884
SD,2006,311156
SD,2005,306348
SD,2004,288818
SD,2003,279620
SD,2002,275235
SD,2001,255811
SD,2000,263270
SD,1999,248864
SD,1998,243915
SD,1997,245398
SD,1996,256639
SD,1995,243598
SD,1994,240112
SD,1993,233039
SD,1992,219688
SD,1991,216736
SD,1990,220217
SD,1989,214315
SD,1988,205416
SD,1987,195204
SD,1986,195032
SD,1985,194819
SD,1984,188704
SD,1983,185488
SD,1982,191238
SD,1981,178760
SD,1980,190687
SD,1979,204965
SD,1978,205651
SD,1977,196832
SD,1976,195374
SD,1975,181948
SD,1974,172589
SD,1973,176823
SD,1972,179190
SD,1971,170183
SD,1970,168792
SD,1969,159805
SD,1968,153321
SD,1967,145670
SD,1966,146362
SD,1965,140065
SD,1964,143784
SD,1963,140408
SD,1962,136645
SD,1961,131556
SD,1960,128835