state_ID,year,population
AK,2018,735000
AK,2017,740000
AK,2016,741000
AK,2015,737000
AK,2014,736000
AK,2013,737000
AK,2012,730000
AK,2011,722000
AK,2010,714000
AK,2009,699000
AK,2008,687000
AK,2007,680000
AK,2006,675000
AK,2005,667000
AK,2004,659000
AK,2003,648000
AK,2002,642000
AK,2001,634000
AK,2000,628000
AK,1999,625000
AK,1998,620000
AK,1997,613000
AK,1996,609000
AK,1995,604000
AK,1994,603000
AK,1993,599000
AK,1992,589000
AK,1991,570000
AK,1990,553000
AK,1989,547000
AK,1988,542000
AK,1987,539000
AK,1986,544000
AK,1985,532000
AK,1984,514000
AK,1983,488000
AK,1982,450000
AK,1981,418000
AK,1980,405000
AK,1979,403000
AK,1978,405000
AK,1977,403000
AK,1976,401000
AK,1975,376000
AK,1974,341000
AK,1973,331000
AK,1972,324000
AK,1971,316000
AK,1970,304000
AK,1969,296000
AK,1968,285000
AK,1967,278000
AK,1966,271000
AK,1965,271000
AK,1964,263000
AK,1963,256000
AK,1962,246000
AK,1961,238000
AK,1960,229000
AL,2018,4888000
AL,2017,4874000
AL,2016,4864000
AL,2015,4852000
AL,2014,4842000
AL,2013,4830000
AL,2012,4816000
AL,2011,4799000
AL,2010,4785000
AL,2009,4758000
AL,2008,4718000
AL,2007,4673000
AL,2006,4629000
AL,2005,4570000
AL,2004,4531000
AL,2003,4503000
AL,2002,4480000
AL,2001,4468000
AL,2000,4452000
AL,1999,4430000
AL,1998,4405000
AL,1997,4368000
AL,1996,4331000
AL,1995,4297000
AL,1994,4260000
AL,1993,4214000
AL,1992,4154000
AL,1991,4099000
AL,1990,4050000
AL,1989,4030000
AL,1988,4024000
AL,1987,4015000
AL,1986,3992000
AL,1985,3973000
AL,1984,3952000
AL,1983,3934000
AL,1982,3925000
AL,1981,3919000
AL,1980,3900000
AL,1979,3866000
AL,1978,3832000
AL,1977,3780000
AL,1976,3735000
AL,1975,3679000
AL,1974,3626000
AL,1973,3580000
AL,1972,3539000
AL,1971,3497000
AL,1970,3451000
AL,1969,3440000
AL,1968,3446000
AL,1967,3458000
AL,1966,3464000
AL,1965,3443000
AL,1964,3395000
AL,1963,3358000
AL,1962,3323000
AL,1961,3316000
AL,1960,3274000
CA,2018,39462000
CA,2017,39358000
CA,2016,39167000
CA,2015,38918000
CA,2014,38597000
CA,2013,38261000
CA,2012,37949000
CA,2011,37642000
CA,2010,37320000
CA,2009,36961000
CA,2008,36604000
CA,2007,36250000
CA,2006,36021000
CA,2005,35828000
CA,2004,35575000
CA,2003,35253000
CA,2002,34872000
CA,2001,34479000
CA,2000,33988000
CA,1999,33499000
CA,1998,32988000
CA,1997,32486000
CA,1996,32019000
CA,1995,31697000
CA,1994,31484000
CA,1993,31275000
CA,1992,30975000
CA,1991,30471000
CA,1990,29960000
CA,1989,29218000
CA,1988,28464000
CA,1987,27777000
CA,1986,27102000
CA,1985,26441000
CA,1984,25844000
CA,1983,25360000
CA,1982,24820000
CA,1981,24286000
CA,1980,23801000
CA,1979,23257000
CA,1978,22836000
CA,1977,22352000
CA,1976,21936000
CA,1975,21538000
CA,1974,21174000
CA,1973,20869000
CA,1972,20585000
CA,1971,20346000
CA,1970,20007000
CA,1969,19711000
CA,1968,19394000
CA,1967,19176000
CA,1966,18858000
CA,1965,18585000
CA,1964,18151000
CA,1963,17668000
CA,1962,17072000
CA,1961,16497000
CA,1960,15870000
DC,2018,702000
DC,2017,695000
DC,2016,686000
DC,2015,675000
DC,2014,662000
DC,2013,651000
DC,2012,635000
DC,2011,620000
DC,2010,605000
DC,2009,592000
DC,2008,580000
DC,2007,574000
DC,2006,571000
DC,2005,567000
DC,2004,568000
DC,2003,569000
DC,2002,573000
DC,2001,575000
DC,2000,572000
DC,1999,570000
DC,1998,565000
DC,1997,568000
DC,1996,572000
DC,1995,581000
DC,1994,589000
DC,1993,595000
DC,1992,598000
DC,1991,601000
DC,1990,605000
DC,1989,624000
DC,1988,630000
DC,1987,637000
DC,1986,638000
DC,1985,635000
DC,1984,633000
DC,1983,632000
DC,1982,634000
DC,1981,637000
DC,1980,638000
DC,1979,650000
DC,1978,665000
DC,1977,677000
DC,1976,692000
DC,1975,707000
DC,1974,718000
DC,1973,731000
DC,1972,742000
DC,1971,750000
DC,1970,756000
DC,1969,762000
DC,1968,778000
DC,1967,791000
DC,1966,791000
DC,1965,797000
DC,1964,798000
DC,1963,798000
DC,1962,788000
DC,1961,778000
DC,1960,765000
MN,2018,5606000
MN,2017,5566000
MN,2016,5523000
MN,2015,5482000
MN,2014,5451000
MN,2013,5413000
MN,2012,5377000
MN,2011,5346000
MN,2010,5311000
MN,2009,5281000
MN,2008,5247000
MN,2007,5207000
MN,2006,5164000
MN,2005,5120000
MN,2004,5088000
MN,2003,5054000
MN,2002,5019000
MN,2001,4983000
MN,2000,4934000
MN,1999,4873000
MN,1998,4813000
MN,1997,4763000
MN,1996,4713000
MN,1995,4660000
MN,1994,4610000
MN,1993,4556000
MN,1992,4496000
MN,1991,4441000
MN,1990,4390000
MN,1989,4338000
MN,1988,4296000
MN,1987,4235000
MN,1986,4205000
MN,1985,4184000
MN,1984,4158000
MN,1983,4141000
MN,1982,4131000
MN,1981,4112000
MN,1980,4085000
MN,1979,4050000
MN,1978,4015000
MN,1977,3989000
MN,1976,3965000
MN,1975,3933000
MN,1974,3904000
MN,1973,3889000
MN,1972,3870000
MN,1971,3853000
MN,1970,3815000
MN,1969,3758000
MN,1968,3703000
MN,1967,3659000
MN,1966,3617000
MN,1965,3592000
MN,1964,3558000
MN,1963,3531000
MN,1962,3513000
MN,1961,3470000
MN,1960,3425000
LA,2018,4660000
LA,2017,4671000
LA,2016,4678000
LA,2015,4665000
LA,2014,4644000
LA,2013,4625000
LA,2012,4601000
LA,2011,4575000
LA,2010,4545000
LA,2009,4492000
LA,2008,4436000
LA,2007,4376000
LA,2006,4303000
LA,2005,4577000
LA,2004,4552000
LA,2003,4521000
LA,2002,4497000
LA,2001,4478000
LA,2000,4472000
LA,1999,4461000
LA,1998,4440000
LA,1997,4421000
LA,1996,4399000
LA,1995,4379000
LA,1994,4347000
LA,1993,4316000
LA,1992,4293000
LA,1991,4253000
LA,1990,4222000
LA,1989,4253000
LA,1988,4289000
LA,1987,4344000
LA,1986,4407000
LA,1985,4408000
LA,1984,4400000
LA,1983,4395000
LA,1982,4353000
LA,1981,4283000
LA,1980,4223000
LA,1979,4138000
LA,1978,4069000
LA,1977,4014000
LA,1976,3951000
LA,1975,3886000
LA,1974,3820000
LA,1973,3788000
LA,1972,3762000
LA,1971,3710000
LA,1970,3652000
LA,1969,3619000
LA,1968,3603000
LA,1967,3581000
LA,1966,3550000
LA,1965,3496000
LA,1964,3446000
LA,1963,3377000
LA,1962,3345000
LA,1961,3287000
LA,1960,3260000
HI,2018,1421000
HI,2017,1424000
HI,2016,1428000
HI,2015,1422000
HI,2014,1415000
HI,2013,1408000
HI,2012,1395000
HI,2011,1379000
HI,2010,1364000
HI,2009,1347000
HI,2008,1332000
HI,2007,1316000
HI,2006,1310000
HI,2005,1293000
HI,2004,1274000
HI,2003,1251000
HI,2002,1240000
HI,2001,1226000
HI,2000,1214000
HI,1999,1210000
HI,1998,1215000
HI,1997,1212000
HI,1996,1204000
HI,1995,1197000
HI,1994,1188000
HI,1993,1173000
HI,1992,1159000
HI,1991,1137000
HI,1990,1113000
HI,1989,1095000
HI,1988,1080000
HI,1987,1068000
HI,1986,1052000
HI,1985,1040000
HI,1984,1028000
HI,1983,1013000
HI,1982,994000
HI,1981,978000
HI,1980,968000
HI,1979,953000
HI,1978,932000
HI,1977,918000
HI,1976,904000
HI,1975,886000
HI,1974,868000
HI,1973,852000
HI,1972,828000
HI,1971,802000
HI,1970,774000
HI,1969,750000
HI,1968,734000
HI,1967,723000
HI,1966,710000
HI,1965,704000
HI,1964,700000
HI,1963,682000
HI,1962,684000
HI,1961,659000
HI,1960,642000
IN,2018,6695000
IN,2017,6658000
IN,2016,6634000
IN,2015,6608000
IN,2014,6594000
IN,2013,6569000
IN,2012,6538000
IN,2011,6516000
IN,2010,6490000
IN,2009,6459000
IN,2008,6425000
IN,2007,6380000
IN,2006,6333000
IN,2005,6279000
IN,2004,6233000
IN,2003,6197000
IN,2002,6156000
IN,2001,6128000
IN,2000,6092000
IN,1999,6045000
IN,1998,5999000
IN,1997,5955000
IN,1996,5906000
IN,1995,5851000
IN,1994,5794000
IN,1993,5739000
IN,1992,5675000
IN,1991,5616000
IN,1990,5558000
IN,1989,5524000
IN,1988,5492000
IN,1987,5473000
IN,1986,5454000
IN,1985,5459000
IN,1984,5458000
IN,1983,5450000
IN,1982,5468000
IN,1981,5480000
IN,1980,5491000
IN,1979,5501000
IN,1978,5470000
IN,1977,5426000
IN,1976,5389000
IN,1975,5366000
IN,1974,5362000
IN,1973,5338000
IN,1972,5302000
IN,1971,5253000
IN,1970,5202000
IN,1969,5143000
IN,1968,5093000
IN,1967,5053000
IN,1966,4999000
IN,1965,4922000
IN,1964,4856000
IN,1963,4799000
IN,1962,4736000
IN,1961,4730000
IN,1960,4674000
NJ,2018,8886000
NJ,2017,8886000
NJ,2016,8871000
NJ,2015,8868000
NJ,2014,8865000
NJ,2013,8857000
NJ,2012,8845000
NJ,2011,8828000
NJ,2010,8799000
NJ,2009,8756000
NJ,2008,8711000
NJ,2007,8678000
NJ,2006,8662000
NJ,2005,8652000
NJ,2004,8635000
NJ,2003,8601000
NJ,2002,8553000
NJ,2001,8493000
NJ,2000,8431000
NJ,1999,8360000
NJ,1998,8287000
NJ,1997,8219000
NJ,1996,8150000
NJ,1995,8083000
NJ,1994,8014000
NJ,1993,7949000
NJ,1992,7881000
NJ,1991,7815000
NJ,1990,7763000
NJ,1989,7726000
NJ,1988,7712000
NJ,1987,7671000
NJ,1986,7622000
NJ,1985,7566000
NJ,1984,7515000
NJ,1983,7468000
NJ,1982,7431000
NJ,1981,7407000
NJ,1980,7376000
NJ,1979,7367000
NJ,1978,7351000
NJ,1977,7337000
NJ,1976,7340000
NJ,1975,7338000
NJ,1974,7332000
NJ,1973,7333000
NJ,1972,7335000
NJ,1971,7281000
NJ,1970,7193000
NJ,1969,7095000
NJ,1968,7005000
NJ,1967,6928000
NJ,1966,6851000
NJ,1965,6767000
NJ,1964,6660000
NJ,1963,6531000
NJ,1962,6376000
NJ,1961,6265000
NJ,1960,6103000
OH,2018,11676000
OH,2017,11660000
OH,2016,11634000
OH,2015,11618000
OH,2014,11603000
OH,2013,11577000
OH,2012,11549000
OH,2011,11543000
OH,2010,11539000
OH,2009,11529000
OH,2008,11515000
OH,2007,11500000
OH,2006,11481000
OH,2005,11463000
OH,2004,11452000
OH,2003,11435000
OH,2002,11408000
OH,2001,11387000
OH,2000,11364000
OH,1999,11335000
OH,1998,11312000
OH,1997,11277000
OH,1996,11243000
OH,1995,11203000
OH,1994,11152000
OH,1993,11101000
OH,1992,11029000
OH,1991,10946000
OH,1990,10864000
OH,1989,10829000
OH,1988,10799000
OH,1987,10760000
OH,1986,10730000
OH,1985,10735000
OH,1984,10738000
OH,1983,10738000
OH,1982,10757000
OH,1981,10788000
OH,1980,10801000
OH,1979,10798000
OH,1978,10796000
OH,1977,10771000
OH,1976,10753000
OH,1975,10770000
OH,1974,10766000
OH,1973,10767000
OH,1972,10747000
OH,1971,10735000
OH,1970,10664000
OH,1969,10563000
OH,1968,10516000
OH,1967,10414000
OH,1966,10330000
OH,1965,10201000
OH,1964,10080000
OH,1963,9986000
OH,1962,9929000
OH,1961,9854000
OH,1960,9734000
IA,2018,3149000
IA,2017,3142000
IA,2016,3131000
IA,2015,3121000
IA,2014,3109000
IA,2013,3093000
IA,2012,3076000
IA,2011,3066000
IA,2010,3051000
IA,2009,3033000
IA,2008,3017000
IA,2007,2999000
IA,2006,2983000
IA,2005,2964000
IA,2004,2954000
IA,2003,2942000
IA,2002,2934000
IA,2001,2932000
IA,2000,2929000
IA,1999,2918000
IA,1998,2903000
IA,1997,2891000
IA,1996,2880000
IA,1995,2867000
IA,1994,2851000
IA,1993,2837000
IA,1992,2818000
IA,1991,2798000
IA,1990,2781000
IA,1989,2771000
IA,1988,2768000
IA,1987,2767000
IA,1986,2792000
IA,1985,2830000
IA,1984,2859000
IA,1983,2871000
IA,1982,2888000
IA,1981,2908000
IA,1980,2914000
IA,1979,2916000
IA,1978,2918000
IA,1977,2914000
IA,1976,2903000
IA,1975,2881000
IA,1974,2868000
IA,1973,2864000
IA,1972,2860000
IA,1971,2852000
IA,1970,2832000
IA,1969,2805000
IA,1968,2803000
IA,1967,2793000
IA,1966,2762000
IA,1965,2742000
IA,1964,2746000
IA,1963,2747000
IA,1962,2750000
IA,1961,2756000
IA,1960,2756000
KY,2018,4461000
KY,2017,4452000
KY,2016,4438000
KY,2015,4426000
KY,2014,4414000
KY,2013,4405000
KY,2012,4386000
KY,2011,4369000
KY,2010,4348000
KY,2009,4317000
KY,2008,4290000
KY,2007,4257000
KY,2006,4219000
KY,2005,4183000
KY,2004,4146000
KY,2003,4117000
KY,2002,4090000
KY,2001,4068000
KY,2000,4049000
KY,1999,4018000
KY,1998,3985000
KY,1997,3953000
KY,1996,3920000
KY,1995,3887000
KY,1994,3849000
KY,1993,3812000
KY,1992,3765000
KY,1991,3722000
KY,1990,3694000
KY,1989,3677000
KY,1988,3680000
KY,1987,3683000
KY,1986,3688000
KY,1985,3695000
KY,1984,3695000
KY,1983,3694000
KY,1982,3683000
KY,1981,3670000
KY,1980,3664000
KY,1979,3642000
KY,1978,3610000
KY,1977,3574000
KY,1976,3529000
KY,1975,3468000
KY,1974,3416000
KY,1973,3371000
KY,1972,3336000
KY,1971,3298000
KY,1970,3231000
KY,1969,3198000
KY,1968,3195000
KY,1967,3172000
KY,1966,3147000
KY,1965,3140000
KY,1964,3129000
KY,1963,3096000
KY,1962,3079000
KY,1961,3054000
KY,1960,3041000
CO,2018,5691000
CO,2017,5612000
CO,2016,5539000
CO,2015,5451000
CO,2014,5350000
CO,2013,5269000
CO,2012,5193000
CO,2011,5122000
CO,2010,5047000
CO,2009,4972000
CO,2008,4890000
CO,2007,4804000
CO,2006,4720000
CO,2005,4632000
CO,2004,4575000
CO,2003,4529000
CO,2002,4490000
CO,2001,4426000
CO,2000,4327000
CO,1999,4226000
CO,1998,4117000
CO,1997,4018000
CO,1996,3920000
CO,1995,3827000
CO,1994,3724000
CO,1993,3614000
CO,1992,3496000
CO,1991,3387000
CO,1990,3308000
CO,1989,3276000
CO,1988,3262000
CO,1987,3260000
CO,1986,3237000
CO,1985,3209000
CO,1984,3170000
CO,1983,3134000
CO,1982,3062000
CO,1981,2978000
CO,1980,2909000
CO,1979,2849000
CO,1978,2767000
CO,1977,2696000
CO,1976,2632000
CO,1975,2586000
CO,1974,2541000
CO,1973,2496000
CO,1972,2405000
CO,1971,2304000
CO,1970,2223000
CO,1969,2166000
CO,1968,2120000
CO,1967,2053000
CO,1966,2007000
CO,1965,1985000
CO,1964,1970000
CO,1963,1936000
CO,1962,1899000
CO,1961,1844000
CO,1960,1769000
MS,2018,2981000
MS,2017,2989000
MS,2016,2988000
MS,2015,2988000
MS,2014,2990000
MS,2013,2989000
MS,2012,2984000
MS,2011,2978000
MS,2010,2971000
MS,2009,2959000
MS,2008,2948000
MS,2007,2928000
MS,2006,2905000
MS,2005,2906000
MS,2004,2889000
MS,2003,2868000
MS,2002,2859000
MS,2001,2853000
MS,2000,2848000
MS,1999,2828000
MS,1998,2805000
MS,1997,2777000
MS,1996,2748000
MS,1995,2723000
MS,1994,2689000
MS,1993,2655000
MS,1992,2624000
MS,1991,2599000
MS,1990,2579000
MS,1989,2574000
MS,1988,2580000
MS,1987,2589000
MS,1986,2594000
MS,1985,2588000
MS,1984,2578000
MS,1983,2568000
MS,1982,2557000
MS,1981,2539000
MS,1980,2525000
MS,1979,2507000
MS,1978,2488000
MS,1977,2459000
MS,1976,2430000
MS,1975,2399000
MS,1974,2378000
MS,1973,2350000
MS,1972,2307000
MS,1971,2265000
MS,1970,2220000
MS,1969,2220000
MS,1968,2219000
MS,1967,2228000
MS,1966,2245000
MS,1965,2246000
MS,1964,2241000
MS,1963,2244000
MS,1962,2243000
MS,1961,2206000
MS,1960,2182000
FL,2018,21244000
FL,2017,20964000
FL,2016,20613000
FL,2015,20209000
FL,2014,19846000
FL,2013,19546000
FL,2012,19298000
FL,2011,19093000
FL,2010,18846000
FL,2009,18653000
FL,2008,18527000
FL,2007,18368000
FL,2006,18167000
FL,2005,17842000
FL,2004,17415000
FL,2003,17004000
FL,2002,16689000
FL,2001,16357000
FL,2000,16048000
FL,1999,15759000
FL,1998,15487000
FL,1997,15186000
FL,1996,14853000
FL,1995,14538000
FL,1994,14239000
FL,1993,13927000
FL,1992,13651000
FL,1991,13370000
FL,1990,13033000
FL,1989,12638000
FL,1988,12306000
FL,1987,11997000
FL,1986,11668000
FL,1985,11351000
FL,1984,11040000
FL,1983,10750000
FL,1982,10471000
FL,1981,10193000
FL,1980,9840000
FL,1979,9426000
FL,1978,9102000
FL,1977,8856000
FL,1976,8667000
FL,1975,8518000
FL,1974,8299000
FL,1973,7914000
FL,1972,7511000
FL,1971,7158000
FL,1970,6848000
FL,1969,6641000
FL,1968,6433000
FL,1967,6242000
FL,1966,6104000
FL,1965,5954000
FL,1964,5781000
FL,1963,5628000
FL,1962,5458000
FL,1961,5243000
FL,1960,5004000
AR,2018,3010000
AR,2017,3001000
AR,2016,2990000
AR,2015,2978000
AR,2014,2967000
AR,2013,2959000
AR,2012,2952000
AR,2011,2940000
AR,2010,2922000
AR,2009,2897000
AR,2008,2875000
AR,2007,2849000
AR,2006,2822000
AR,2005,2781000
AR,2004,2750000
AR,2003,2725000
AR,2002,2706000
AR,2001,2692000
AR,2000,2679000
AR,1999,2652000
AR,1998,2626000
AR,1997,2601000
AR,1996,2572000
AR,1995,2535000
AR,1994,2494000
AR,1993,2456000
AR,1992,2416000
AR,1991,2383000
AR,1990,2357000
AR,1989,2346000
AR,1988,2343000
AR,1987,2342000
AR,1986,2332000
AR,1985,2327000
AR,1984,2320000
AR,1983,2306000
AR,1982,2294000
AR,1981,2293000
AR,1980,2289000
AR,1979,2271000
AR,1978,2243000
AR,1977,2209000
AR,1976,2170000
AR,1975,2160000
AR,1974,2101000
AR,1973,2059000
AR,1972,2019000
AR,1971,1972000
AR,1970,1932000
AR,1969,1913000
AR,1968,1902000
AR,1967,1901000
AR,1966,1899000
AR,1965,1894000
AR,1964,1897000
AR,1963,1875000
AR,1962,1853000
AR,1961,1806000
AR,1960,1789000
VA,2018,8501000
VA,2017,8464000
VA,2016,8410000
VA,2015,8362000
VA,2014,8311000
VA,2013,8252000
VA,2012,8185000
VA,2011,8100000
VA,2010,8024000
VA,2009,7926000
VA,2008,7833000
VA,2007,7751000
VA,2006,7674000
VA,2005,7577000
VA,2004,7476000
VA,2003,7367000
VA,2002,7287000
VA,2001,7198000
VA,2000,7106000
VA,1999,7000000
VA,1998,6901000
VA,1997,6829000
VA,1996,6751000
VA,1995,6671000
VA,1994,6593000
VA,1993,6510000
VA,1992,6414000
VA,1991,6301000
VA,1990,6217000
VA,1989,6120000
VA,1988,6037000
VA,1987,5932000
VA,1986,5812000
VA,1985,5715000
VA,1984,5644000
VA,1983,5565000
VA,1982,5493000
VA,1981,5444000
VA,1980,5368000
VA,1979,5308000
VA,1978,5270000
VA,1977,5193000
VA,1976,5122000
VA,1975,5047000
VA,1974,4971000
VA,1973,4901000
VA,1972,4824000
VA,1971,4751000
VA,1970,4659000
VA,1969,4614000
VA,1968,4558000
VA,1967,4508000
VA,1966,4456000
VA,1965,4411000
VA,1964,4357000
VA,1963,4276000
VA,1962,4180000
VA,1961,4095000
VA,1960,3986000
MI,2018,9984000
MI,2017,9973000
MI,2016,9951000
MI,2015,9932000
MI,2014,9930000
MI,2013,9913000
MI,2012,9897000
MI,2011,9882000
MI,2010,9878000
MI,2009,9902000
MI,2008,9947000
MI,2007,10001000
MI,2006,10036000
MI,2005,10051000
MI,2004,10055000
MI,2003,10041000
MI,2002,10016000
MI,2001,9991000
MI,2000,9952000
MI,1999,9897000
MI,1998,9848000
MI,1997,9809000
MI,1996,9759000
MI,1995,9676000
MI,1994,9598000
MI,1993,9540000
MI,1992,9479000
MI,1991,9400000
MI,1990,9311000
MI,1989,9253000
MI,1988,9218000
MI,1987,9187000
MI,1986,9128000
MI,1985,9076000
MI,1984,9049000
MI,1983,9048000
MI,1982,9115000
MI,1981,9209000
MI,1980,9256000
MI,1979,9266000
MI,1978,9218000
MI,1977,9171000
MI,1976,9129000
MI,1975,9118000
MI,1974,9118000
MI,1973,9078000
MI,1972,9029000
MI,1971,8974000
MI,1970,8890000
MI,1969,8781000
MI,1968,8696000
MI,1967,8630000
MI,1966,8512000
MI,1965,8357000
MI,1964,8187000
MI,1963,8058000
MI,1962,7933000
MI,1961,7893000
MI,1960,7834000
MA,2018,6883000
MA,2017,6860000
MA,2016,6824000
MA,2015,6794000
MA,2014,6763000
MA,2013,6713000
MA,2012,6663000
MA,2011,6613000
MA,2010,6566000
MA,2009,6518000
MA,2008,6469000
MA,2007,6432000
MA,2006,6410000
MA,2005,6403000
MA,2004,6412000
MA,2003,6423000
MA,2002,6417000
MA,2001,6398000
MA,2000,6361000
MA,1999,6317000
MA,1998,6272000
MA,1997,6226000
MA,1996,6180000
MA,1995,6141000
MA,1994,6095000
MA,1993,6061000
MA,1992,6029000
MA,1991,6018000
MA,1990,6023000
MA,1989,6015000
MA,1988,5980000
MA,1987,5935000
MA,1986,5903000
MA,1985,5881000
MA,1984,5841000
MA,1983,5799000
MA,1982,5771000
MA,1981,5769000
MA,1980,5746000
MA,1979,5738000
MA,1978,5736000
MA,1977,5738000
MA,1976,5744000
MA,1975,5758000
MA,1974,5774000
MA,1973,5781000
MA,1972,5760000
MA,1971,5738000
MA,1970,5706000
MA,1969,5650000
MA,1968,5618000
MA,1967,5594000
MA,1966,5535000
MA,1965,5502000
MA,1964,5448000
MA,1963,5344000
MA,1962,5263000
MA,1961,5219000
MA,1960,5160000
DE,2018,965000
DE,2017,957000
DE,2016,949000
DE,2015,941000
DE,2014,932000
DE,2013,924000
DE,2012,915000
DE,2011,907000
DE,2010,900000
DE,2009,892000
DE,2008,884000
DE,2007,872000
DE,2006,859000
DE,2005,845000
DE,2004,831000
DE,2003,818000
DE,2002,806000
DE,2001,796000
DE,2000,786000
DE,1999,775000
DE,1998,763000
DE,1997,751000
DE,1996,741000
DE,1995,730000
DE,1994,718000
DE,1993,706000
DE,1992,695000
DE,1991,683000
DE,1990,670000
DE,1989,658000
DE,1988,648000
DE,1987,637000
DE,1986,628000
DE,1985,618000
DE,1984,612000
DE,1983,605000
DE,1982,599000
DE,1981,596000
DE,1980,595000
DE,1979,595000
DE,1978,595000
DE,1977,592000
DE,1976,590000
DE,1975,587000
DE,1974,581000
DE,1973,578000
DE,1972,573000
DE,1971,565000
DE,1970,551000
DE,1969,540000
DE,1968,534000
DE,1967,525000
DE,1966,516000
DE,1965,507000
DE,1964,497000
DE,1963,483000
DE,1962,469000
DE,1961,461000
DE,1960,449000
NV,2018,3027000
NV,2017,2970000
NV,2016,2918000
NV,2015,2867000
NV,2014,2818000
NV,2013,2776000
NV,2012,2744000
NV,2011,2713000
NV,2010,2702000
NV,2009,2685000
NV,2008,2654000
NV,2007,2601000
NV,2006,2523000
NV,2005,2432000
NV,2004,2346000
NV,2003,2249000
NV,2002,2174000
NV,2001,2098000
NV,2000,2019000
NV,1999,1935000
NV,1998,1853000
NV,1997,1764000
NV,1996,1666000
NV,1995,1582000
NV,1994,1499000
NV,1993,1411000
NV,1992,1351000
NV,1991,1296000
NV,1990,1221000
NV,1989,1137000
NV,1988,1075000
NV,1987,1023000
NV,1986,981000
NV,1985,951000
NV,1984,925000
NV,1983,902000
NV,1982,882000
NV,1981,848000
NV,1980,810000
NV,1979,765000
NV,1978,719000
NV,1977,678000
NV,1976,647000
NV,1975,620000
NV,1974,597000
NV,1973,569000
NV,1972,547000
NV,1971,520000
NV,1970,493000
NV,1969,480000
NV,1968,464000
NV,1967,449000
NV,1966,446000
NV,1965,444000
NV,1964,426000
NV,1963,397000
NV,1962,352000
NV,1961,315000
NV,1960,291000
OK,2018,3940000
OK,2017,3931000
OK,2016,3926000
OK,2015,3910000
OK,2014,3878000
OK,2013,3853000
OK,2012,3819000
OK,2011,3788000
OK,2010,3760000
OK,2009,3718000
OK,2008,3669000
OK,2007,3634000
OK,2006,3594000
OK,2005,3549000
OK,2004,3525000
OK,2003,3505000
OK,2002,3489000
OK,2001,3467000
OK,2000,3454000
OK,1999,3437000
OK,1998,3405000
OK,1997,3373000
OK,1996,3340000
OK,1995,3308000
OK,1994,3281000
OK,1993,3252000
OK,1992,3221000
OK,1991,3175000
OK,1990,3149000
OK,1989,3150000
OK,1988,3167000
OK,1987,3210000
OK,1986,3253000
OK,1985,3271000
OK,1984,3286000
OK,1983,3290000
OK,1982,3206000
OK,1981,3096000
OK,1980,3041000
OK,1979,2975000
OK,1978,2917000
OK,1977,2870000
OK,1976,2827000
OK,1975,2775000
OK,1974,2735000
OK,1973,2696000
OK,1972,2659000
OK,1971,2619000
OK,1970,2567000
OK,1969,2535000
OK,1968,2503000
OK,1967,2489000
OK,1966,2454000
OK,1965,2440000
OK,1964,2446000
OK,1963,2439000
OK,1962,2427000
OK,1961,2380000
OK,1960,2336000
ND,2018,758000
ND,2017,755000
ND,2016,754000
ND,2015,754000
ND,2014,737000
ND,2013,722000
ND,2012,701000
ND,2011,685000
ND,2010,675000
ND,2009,665000
ND,2008,658000
ND,2007,653000
ND,2006,649000
ND,2005,646000
ND,2004,645000
ND,2003,639000
ND,2002,638000
ND,2001,639000
ND,2000,642000
ND,1999,644000
ND,1998,648000
ND,1997,650000
ND,1996,650000
ND,1995,648000
ND,1994,645000
ND,1993,641000
ND,1992,638000
ND,1991,636000
ND,1990,638000
ND,1989,646000
ND,1988,655000
ND,1987,661000
ND,1986,670000
ND,1985,677000
ND,1984,680000
ND,1983,677000
ND,1982,669000
ND,1981,660000
ND,1980,654000
ND,1979,653000
ND,1978,651000
ND,1977,650000
ND,1976,646000
ND,1975,639000
ND,1974,635000
ND,1973,633000
ND,1972,631000
ND,1971,627000
ND,1970,620000
ND,1969,621000
ND,1968,621000
ND,1967,626000
ND,1966,647000
ND,1965,649000
ND,1964,649000
ND,1963,644000
ND,1962,637000
ND,1961,641000
ND,1960,634000
MD,2018,6036000
MD,2017,6024000
MD,2016,6003000
MD,2015,5986000
MD,2014,5957000
MD,2013,5923000
MD,2012,5887000
MD,2011,5839000
MD,2010,5789000
MD,2009,5730000
MD,2008,5685000
MD,2007,5653000
MD,2006,5627000
MD,2005,5592000
MD,2004,5547000
MD,2003,5496000
MD,2002,5440000
MD,2001,5375000
MD,2000,5311000
MD,1999,5255000
MD,1998,5204000
MD,1997,5157000
MD,1996,5112000
MD,1995,5070000
MD,1994,5023000
MD,1993,4972000
MD,1992,4923000
MD,1991,4868000
MD,1990,4800000
MD,1989,4727000
MD,1988,4658000
MD,1987,4566000
MD,1986,4487000
MD,1985,4413000
MD,1984,4365000
MD,1983,4313000
MD,1982,4283000
MD,1981,4262000
MD,1980,4228000
MD,1979,4191000
MD,1978,4184000
MD,1977,4170000
MD,1976,4151000
MD,1975,4139000
MD,1974,4119000
MD,1973,4098000
MD,1972,4073000
MD,1971,4018000
MD,1970,3938000
MD,1969,3868000
MD,1968,3815000
MD,1967,3757000
MD,1966,3695000
MD,1965,3600000
MD,1964,3492000
MD,1963,3386000
MD,1962,3263000
MD,1961,3176000
MD,1960,3113000
KS,2018,2911000
KS,2017,2909000
KS,2016,2911000
KS,2015,2909000
KS,2014,2900000
KS,2013,2893000
KS,2012,2885000
KS,2011,2869000
KS,2010,2858000
KS,2009,2833000
KS,2008,2808000
KS,2007,2784000
KS,2006,2763000
KS,2005,2745000
KS,2004,2734000
KS,2003,2723000
KS,2002,2714000
KS,2001,2702000
KS,2000,2694000
KS,1999,2678000
KS,1998,2661000
KS,1997,2635000
KS,1996,2615000
KS,1995,2601000
KS,1994,2581000
KS,1993,2557000
KS,1992,2532000
KS,1991,2499000
KS,1990,2481000
KS,1989,2473000
KS,1988,2462000
KS,1987,2445000
KS,1986,2433000
KS,1985,2427000
KS,1984,2424000
KS,1983,2416000
KS,1982,2401000
KS,1981,2385000
KS,1980,2369000
KS,1979,2351000
KS,1978,2336000
KS,1977,2321000
KS,1976,2301000
KS,1975,2281000
KS,1974,2269000
KS,1973,2266000
KS,1972,2256000
KS,1971,2247000
KS,1970,2249000
KS,1969,2236000
KS,1968,2216000
KS,1967,2197000
KS,1966,2200000
KS,1965,2206000
KS,1964,2209000
KS,1963,2217000
KS,1962,2231000
KS,1961,2215000
KS,1960,2183000
ID,2018,1751000
ID,2017,1718000
ID,2016,1682000
ID,2015,1651000
ID,2014,1631000
ID,2013,1611000
ID,2012,1595000
ID,2011,1584000
ID,2010,1571000
ID,2009,1554000
ID,2008,1534000
ID,2007,1505000
ID,2006,1469000
ID,2005,1428000
ID,2004,1392000
ID,2003,1363000
ID,2002,1340000
ID,2001,1320000
ID,2000,1299000
ID,1999,1276000
ID,1998,1252000
ID,1997,1229000
ID,1996,1203000
ID,1995,1177000
ID,1994,1145000
ID,1993,1109000
ID,1992,1072000
ID,1991,1041000
ID,1990,1012000
ID,1989,994000
ID,1988,986000
ID,1987,985000
ID,1986,990000
ID,1985,994000
ID,1984,991000
ID,1983,982000
ID,1982,974000
ID,1981,962000
ID,1980,948000
ID,1979,933000
ID,1978,911000
ID,1977,883000
ID,1976,857000
ID,1975,832000
ID,1974,808000
ID,1973,782000
ID,1972,763000
ID,1971,739000
ID,1970,718000
ID,1969,707000
ID,1968,695000
ID,1967,688000
ID,1966,689000
ID,1965,686000
ID,1964,680000
ID,1963,683000
ID,1962,692000
ID,1961,684000
ID,1960,671000
NY,2018,19530000
NY,2017,19590000
NY,2016,19633000
NY,2015,19655000
NY,2014,19651000
NY,2013,19624000
NY,2012,19573000
NY,2011,19499000
NY,2010,19400000
NY,2009,19307000
NY,2008,19212000
NY,2007,19132000
NY,2006,19105000
NY,2005,19133000
NY,2004,19172000
NY,2003,19176000
NY,2002,19138000
NY,2001,19083000
NY,2000,19002000
NY,1999,18883000
NY,1998,18756000
NY,1997,18657000
NY,1996,18588000
NY,1995,18524000
NY,1994,18459000
NY,1993,18375000
NY,1992,18247000
NY,1991,18123000
NY,1990,18021000
NY,1989,17983000
NY,1988,17941000
NY,1987,17869000
NY,1986,17833000
NY,1985,17792000
NY,1984,17746000
NY,1983,17687000
NY,1982,17590000
NY,1981,17568000
NY,1980,17567000
NY,1979,17584000
NY,1978,17681000
NY,1977,17813000
NY,1976,17941000
NY,1975,18003000
NY,1974,18050000
NY,1973,18177000
NY,1972,18339000
NY,1971,18358000
NY,1970,18268000
NY,1969,18105000
NY,1968,18051000
NY,1967,17935000
NY,1966,17843000
NY,1965,17734000
NY,1964,17589000
NY,1963,17461000
NY,1962,17301000
NY,1961,17061000
NY,1960,16838000
NH,2018,1353000
NH,2017,1349000
NH,2016,1342000
NH,2015,1336000
NH,2014,1333000
NH,2013,1327000
NH,2012,1324000
NH,2011,1320000
NH,2010,1317000
NH,2009,1316000
NH,2008,1316000
NH,2007,1313000
NH,2006,1308000
NH,2005,1298000
NH,2004,1290000
NH,2003,1280000
NH,2002,1269000
NH,2001,1256000
NH,2000,1240000
NH,1999,1222000
NH,1998,1206000
NH,1997,1189000
NH,1996,1175000
NH,1995,1158000
NH,1994,1143000
NH,1993,1129000
NH,1992,1118000
NH,1991,1110000
NH,1990,1112000
NH,1989,1105000
NH,1988,1083000
NH,1987,1054000
NH,1986,1025000
NH,1985,997000
NH,1984,977000
NH,1983,958000
NH,1982,948000
NH,1981,937000
NH,1980,924000
NH,1979,909000
NH,1978,892000
NH,1977,870000
NH,1976,845000
NH,1975,829000
NH,1974,816000
NH,1973,801000
NH,1972,781000
NH,1971,762000
NH,1970,742000
NH,1969,724000
NH,1968,709000
NH,1967,697000
NH,1966,681000
NH,1965,676000
NH,1964,663000
NH,1963,649000
NH,1962,632000
NH,1961,618000
NH,1960,609000
AZ,2018,7158000
AZ,2017,7044000
AZ,2016,6941000
AZ,2015,6830000
AZ,2014,6730000
AZ,2013,6633000
AZ,2012,6555000
AZ,2011,6473000
AZ,2010,6407000
AZ,2009,6343000
AZ,2008,6280000
AZ,2007,6168000
AZ,2006,6029000
AZ,2005,5839000
AZ,2004,5652000
AZ,2003,5510000
AZ,2002,5396000
AZ,2001,5273000
AZ,2000,5161000
AZ,1999,5024000
AZ,1998,4883000
AZ,1997,4737000
AZ,1996,4587000
AZ,1995,4432000
AZ,1994,4245000
AZ,1993,4065000
AZ,1992,3916000
AZ,1991,3789000
AZ,1990,3684000
AZ,1989,3622000
AZ,1988,3535000
AZ,1987,3437000
AZ,1986,3308000
AZ,1985,3184000
AZ,1984,3067000
AZ,1983,2969000
AZ,1982,2890000
AZ,1981,2810000
AZ,1980,2738000
AZ,1979,2636000
AZ,1978,2515000
AZ,1977,2425000
AZ,1976,2346000
AZ,1975,2285000
AZ,1974,2223000
AZ,1973,2124000
AZ,1972,2008000
AZ,1971,1896000
AZ,1970,1792000
AZ,1969,1737000
AZ,1968,1682000
AZ,1967,1646000
AZ,1966,1614000
AZ,1965,1584000
AZ,1964,1556000
AZ,1963,1521000
AZ,1962,1471000
AZ,1961,1407000
AZ,1960,1321000
UT,2018,3154000
UT,2017,3101000
UT,2016,3042000
UT,2015,2982000
UT,2014,2937000
UT,2013,2898000
UT,2012,2853000
UT,2011,2814000
UT,2010,2775000
UT,2009,2723000
UT,2008,2663000
UT,2007,2598000
UT,2006,2526000
UT,2005,2458000
UT,2004,2402000
UT,2003,2360000
UT,2002,2325000
UT,2001,2284000
UT,2000,2245000
UT,1999,2203000
UT,1998,2166000
UT,1997,2120000
UT,1996,2068000
UT,1995,2014000
UT,1994,1960000
UT,1993,1898000
UT,1992,1837000
UT,1991,1780000
UT,1990,1731000
UT,1989,1706000
UT,1988,1689000
UT,1987,1678000
UT,1986,1663000
UT,1985,1643000
UT,1984,1622000
UT,1983,1595000
UT,1982,1558000
UT,1981,1515000
UT,1980,1473000
UT,1979,1420000
UT,1978,1368000
UT,1977,1320000
UT,1976,1275000
UT,1975,1236000
UT,1974,1200000
UT,1973,1170000
UT,1972,1135000
UT,1971,1101000
UT,1970,1066000
UT,1969,1047000
UT,1968,1029000
UT,1967,1019000
UT,1966,1009000
UT,1965,991000
UT,1964,978000
UT,1963,974000
UT,1962,958000
UT,1961,936000
UT,1960,900000
MO,2018,6122000
MO,2017,6107000
MO,2016,6087000
MO,2015,6072000
MO,2014,6056000
MO,2013,6041000
MO,2012,6024000
MO,2011,6010000
MO,2010,5996000
MO,2009,5961000
MO,2008,5924000
MO,2007,5888000
MO,2006,5843000
MO,2005,5790000
MO,2004,5748000
MO,2003,5709000
MO,2002,5675000
MO,2001,5641000
MO,2000,5607000
MO,1999,5562000
MO,1998,5522000
MO,1997,5481000
MO,1996,5432000
MO,1995,5378000
MO,1994,5324000
MO,1993,5271000
MO,1992,5217000
MO,1991,5171000
MO,1990,5129000
MO,1989,5096000
MO,1988,5082000
MO,1987,5057000
MO,1986,5023000
MO,1985,5000000
MO,1984,4975000
MO,1983,4944000
MO,1982,4929000
MO,1981,4932000
MO,1980,4922000
MO,1979,4912000
MO,1978,4889000
MO,1977,4863000
MO,1976,4839000
MO,1975,4808000
MO,1974,4796000
MO,1973,4783000
MO,1972,4759000
MO,1971,4726000
MO,1970,4688000
MO,1969,4640000
MO,1968,4568000
MO,1967,4539000
MO,1966,4523000
MO,1965,4467000
MO,1964,4442000
MO,1963,4392000
MO,1962,4357000
MO,1961,4349000
MO,1960,4326000
CT,2018,3572000
CT,2017,3573000
CT,2016,3578000
CT,2015,3587000
CT,2014,3595000
CT,2013,3595000
CT,2012,3595000
CT,2011,3588000
CT,2010,3579000
CT,2009,3562000
CT,2008,3546000
CT,2007,3527000
CT,2006,3517000
CT,2005,3507000
CT,2004,3496000
CT,2003,3484000
CT,2002,3459000
CT,2001,3433000
CT,2000,3412000
CT,1999,3386000
CT,1998,3365000
CT,1997,3349000
CT,1996,3337000
CT,1995,3324000
CT,1994,3316000
CT,1993,3309000
CT,1992,3301000
CT,1991,3303000
CT,1990,3292000
CT,1989,3283000
CT,1988,3272000
CT,1987,3247000
CT,1986,3224000
CT,1985,3201000
CT,1984,3180000
CT,1983,3162000
CT,1982,3139000
CT,1981,3129000
CT,1980,3113000
CT,1979,3096000
CT,1978,3092000
CT,1977,3086000
CT,1976,3083000
CT,1975,3082000
CT,1974,3074000
CT,1973,3068000
CT,1972,3069000
CT,1971,3061000
CT,1970,3041000
CT,1969,3000000
CT,1968,2964000
CT,1967,2935000
CT,1966,2903000
CT,1965,2857000
CT,1964,2798000
CT,1963,2727000
CT,1962,2647000
CT,1961,2586000
CT,1960,2544000
OR,2018,4182000
OR,2017,4144000
OR,2016,4090000
OR,2015,4016000
OR,2014,3963000
OR,2013,3922000
OR,2012,3899000
OR,2011,3872000
OR,2010,3837000
OR,2009,3809000
OR,2008,3769000
OR,2007,3722000
OR,2006,3671000
OR,2005,3613000
OR,2004,3569000
OR,2003,3547000
OR,2002,3513000
OR,2001,3468000
OR,2000,3430000
OR,1999,3394000
OR,1998,3352000
OR,1997,3304000
OR,1996,3247000
OR,1995,3184000
OR,1994,3121000
OR,1993,3060000
OR,1992,2992000
OR,1991,2929000
OR,1990,2860000
OR,1989,2791000
OR,1988,2741000
OR,1987,2701000
OR,1986,2684000
OR,1985,2673000
OR,1984,2667000
OR,1983,2653000
OR,1982,2665000
OR,1981,2668000
OR,1980,2641000
OR,1979,2588000
OR,1978,2518000
OR,1977,2447000
OR,1976,2378000
OR,1975,2330000
OR,1974,2285000
OR,1973,2242000
OR,1972,2197000
OR,1971,2151000
OR,1970,2101000
OR,1969,2062000
OR,1968,2004000
OR,1967,1979000
OR,1966,1969000
OR,1965,1937000
OR,1964,1888000
OR,1963,1853000
OR,1962,1818000
OR,1961,1787000
OR,1960,1772000
SD,2018,879000
SD,2017,873000
SD,2016,863000
SD,2015,854000
SD,2014,849000
SD,2013,842000
SD,2012,834000
SD,2011,823000
SD,2010,816000
SD,2009,807000
SD,2008,799000
SD,2007,792000
SD,2006,783000
SD,2005,775000
SD,2004,770000
SD,2003,764000
SD,2002,760000
SD,2001,758000
SD,2000,756000
SD,1999,750000
SD,1998,746000
SD,1997,744000
SD,1996,742000
SD,1995,738000
SD,1994,731000
SD,1993,722000
SD,1992,713000
SD,1991,704000
SD,1990,697000
SD,1989,697000
SD,1988,698000
SD,1987,696000
SD,1986,696000
SD,1985,698000
SD,1984,697000
SD,1983,693000
SD,1982,691000
SD,1981,690000
SD,1980,691000
SD,1979,688000
SD,1978,689000
SD,1977,688000
SD,1976,686000
SD,1975,681000
SD,1974,680000
SD,1973,679000
SD,1972,677000
SD,1971,671000
SD,1970,668000
SD,1969,668000
SD,1968,669000
SD,1967,671000
SD,1966,683000
SD,1965,692000
SD,1964,701000
SD,1963,708000
SD,1962,705000
SD,1961,693000
SD,1960,683000
WA,2018,7524000
WA,2017,7423000
WA,2016,7295000
WA,2015,7164000
WA,2014,7055000
WA,2013,6964000
WA,2012,6897000
WA,2011,6822000
WA,2010,6743000
WA,2009,6667000
WA,2008,6562000
WA,2007,6462000
WA,2006,6371000
WA,2005,6257000
WA,2004,6179000
WA,2003,6104000
WA,2002,6052000
WA,2001,5986000
WA,2000,5911000
WA,1999,5843000
WA,1998,5770000
WA,1997,5675000
WA,1996,5570000
WA,1995,5481000
WA,1994,5375000
WA,1993,5279000
WA,1992,5161000
WA,1991,5026000
WA,1990,4903000
WA,1989,4746000
WA,1988,4640000
WA,1987,4532000
WA,1986,4453000
WA,1985,4400000
WA,1984,4344000
WA,1983,4300000
WA,1982,4277000
WA,1981,4236000
WA,1980,4155000
WA,1979,4018000
WA,1978,3889000
WA,1977,3776000
WA,1976,3694000
WA,1975,3621000
WA,1974,3550000
WA,1973,3479000
WA,1972,3448000
WA,1971,3448000
WA,1970,3413000
WA,1969,3343000
WA,1968,3270000
WA,1967,3174000
WA,1966,3057000
WA,1965,2967000
WA,1964,2961000
WA,1963,2955000
WA,1962,2942000
WA,1961,2882000
WA,1960,2855000
TN,2018,6772000
TN,2017,6709000
TN,2016,6646000
TN,2015,6591000
TN,2014,6541000
TN,2013,6494000
TN,2012,6454000
TN,2011,6397000
TN,2010,6355000
TN,2009,6306000
TN,2008,6247000
TN,2007,6176000
TN,2006,6089000
TN,2005,5991000
TN,2004,5911000
TN,2003,5848000
TN,2002,5796000
TN,2001,5751000
TN,2000,5704000
TN,1999,5639000
TN,1998,5570000
TN,1997,5499000
TN,1996,5417000
TN,1995,5327000
TN,1994,5231000
TN,1993,5138000
TN,1992,5050000
TN,1991,4967000
TN,1990,4894000
TN,1989,4854000
TN,1988,4822000
TN,1987,4783000
TN,1986,4739000
TN,1985,4715000
TN,1984,4687000
TN,1983,4660000
TN,1982,4646000
TN,1981,4628000
TN,1980,4600000
TN,1979,4560000
TN,1978,4486000
TN,1977,4423000
TN,1976,4347000
TN,1975,4276000
TN,1974,4214000
TN,1973,4147000
TN,1972,4095000
TN,1971,4014000
TN,1970,3937000
TN,1969,3897000
TN,1968,3878000
TN,1967,3859000
TN,1966,3822000
TN,1965,3798000
TN,1964,3771000
TN,1963,3718000
TN,1962,3673000
TN,1961,3622000
TN,1960,3575000
VT,2018,624000
VT,2017,624000
VT,2016,624000
VT,2015,625000
VT,2014,625000
VT,2013,626000
VT,2012,626000
VT,2011,627000
VT,2010,626000
VT,2009,625000
VT,2008,624000
VT,2007,623000
VT,2006,623000
VT,2005,621000
VT,2004,620000
VT,2003,618000
VT,2002,615000
VT,2001,612000
VT,2000,610000
VT,1999,605000
VT,1998,600000
VT,1997,597000
VT,1996,594000
VT,1995,589000
VT,1994,584000
VT,1993,578000
VT,1992,573000
VT,1991,569000
VT,1990,565000
VT,1989,558000
VT,1988,550000
VT,1987,540000
VT,1986,534000
VT,1985,530000
VT,1984,527000
VT,1983,523000
VT,1982,519000
VT,1981,516000
VT,1980,513000
VT,1979,505000
VT,1978,498000
VT,1977,492000
VT,1976,485000
VT,1975,480000
VT,1974,473000
VT,1973,468000
VT,1972,463000
VT,1971,454000
VT,1970,446000
VT,1969,437000
VT,1968,430000
VT,1967,423000
VT,1966,413000
VT,1965,404000
VT,1964,399000
VT,1963,397000
VT,1962,393000
VT,1961,390000
VT,1960,389000
MT,2018,1061000
MT,2017,1052000
MT,2016,1041000
MT,2015,1030000
MT,2014,1022000
MT,2013,1014000
MT,2012,1004000
MT,2011,997000
MT,2010,991000
MT,2009,984000
MT,2008,976000
MT,2007,965000
MT,2006,953000
MT,2005,940000
MT,2004,930000
MT,2003,920000
MT,2002,912000
MT,2001,907000
MT,2000,904000
MT,1999,898000
MT,1998,892000
MT,1997,890000
MT,1996,886000
MT,1995,877000
MT,1994,861000
MT,1993,845000
MT,1992,826000
MT,1991,810000
MT,1990,800000
MT,1989,800000
MT,1988,800000
MT,1987,805000
MT,1986,814000
MT,1985,822000
MT,1984,821000
MT,1983,814000
MT,1982,804000
MT,1981,795000
MT,1980,789000
MT,1979,787000
MT,1978,782000
MT,1977,770000
MT,1976,757000
MT,1975,748000
MT,1974,736000
MT,1973,727000
MT,1972,719000
MT,1971,711000
MT,1970,698000
MT,1969,694000
MT,1968,700000
MT,1967,701000
MT,1966,707000
MT,1965,706000
MT,1964,706000
MT,1963,703000
MT,1962,698000
MT,1961,696000
MT,1960,679000
PA,2018,12801000
PA,2017,12788000
PA,2016,12782000
PA,2015,12785000
PA,2014,12788000
PA,2013,12776000
PA,2012,12767000
PA,2011,12745000
PA,2010,12711000
PA,2009,12667000
PA,2008,12612000
PA,2007,12564000
PA,2006,12511000
PA,2005,12450000
PA,2004,12411000
PA,2003,12375000
PA,2002,12331000
PA,2001,12299000
PA,2000,12284000
PA,1999,12264000
PA,1998,12246000
PA,1997,12228000
PA,1996,12220000
PA,1995,12198000
PA,1994,12166000
PA,1993,12120000
PA,1992,12049000
PA,1991,11982000
PA,1990,11903000
PA,1989,11866000
PA,1988,11846000
PA,1987,11811000
PA,1986,11783000
PA,1985,11771000
PA,1984,11815000
PA,1983,11838000
PA,1982,11845000
PA,1981,11859000
PA,1980,11868000
PA,1979,11888000
PA,1978,11879000
PA,1977,11894000
PA,1976,11897000
PA,1975,11906000
PA,1974,11871000
PA,1973,11891000
PA,1972,11908000
PA,1971,11886000
PA,1970,11813000
PA,1969,11741000
PA,1968,11741000
PA,1967,11681000
PA,1966,11664000
PA,1965,11620000
PA,1964,11519000
PA,1963,11424000
PA,1962,11355000
PA,1961,11392000
PA,1960,11329000
WV,2018,1804000
WV,2017,1817000
WV,2016,1831000
WV,2015,1842000
WV,2014,1849000
WV,2013,1854000
WV,2012,1857000
WV,2011,1856000
WV,2010,1854000
WV,2009,1848000
WV,2008,1840000
WV,2007,1834000
WV,2006,1828000
WV,2005,1820000
WV,2004,1816000
WV,2003,1812000
WV,2002,1805000
WV,2001,1801000
WV,2000,1807000
WV,1999,1812000
WV,1998,1816000
WV,1997,1819000
WV,1996,1823000
WV,1995,1824000
WV,1994,1820000
WV,1993,1818000
WV,1992,1806000
WV,1991,1799000
WV,1990,1793000
WV,1989,1807000
WV,1988,1830000
WV,1987,1858000
WV,1986,1882000
WV,1985,1907000
WV,1984,1928000
WV,1983,1945000
WV,1982,1950000
WV,1981,1954000
WV,1980,1951000
WV,1979,1942000
WV,1978,1923000
WV,1977,1908000
WV,1976,1880000
WV,1975,1842000
WV,1974,1815000
WV,1973,1806000
WV,1972,1798000
WV,1971,1771000
WV,1970,1751000
WV,1969,1746000
WV,1968,1763000
WV,1967,1769000
WV,1966,1775000
WV,1965,1786000
WV,1964,1797000
WV,1963,1796000
WV,1962,1809000
WV,1961,1828000
WV,1960,1853000
NM,2018,2093000
NM,2017,2092000
NM,2016,2092000
NM,2015,2089000
NM,2014,2090000
NM,2013,2092000
NM,2012,2087000
NM,2011,2080000
NM,2010,2065000
NM,2009,2037000
NM,2008,2011000
NM,2007,1990000
NM,2006,1962000
NM,2005,1932000
NM,2004,1904000
NM,2003,1878000
NM,2002,1855000
NM,2001,1832000
NM,2000,1821000
NM,1999,1808000
NM,1998,1793000
NM,1997,1775000
NM,1996,1752000
NM,1995,1720000
NM,1994,1682000
NM,1993,1636000
NM,1992,1595000
NM,1991,1555000
NM,1990,1522000
NM,1989,1504000
NM,1988,1490000
NM,1987,1479000
NM,1986,1463000
NM,1985,1438000
NM,1984,1417000
NM,1983,1394000
NM,1982,1364000
NM,1981,1333000
NM,1980,1309000
NM,1979,1285000
NM,1978,1238000
NM,1977,1216000
NM,1976,1189000
NM,1975,1160000
NM,1974,1131000
NM,1973,1106000
NM,1972,1079000
NM,1971,1054000
NM,1970,1023000
NM,1969,1011000
NM,1968,994000
NM,1967,1000000
NM,1966,1007000
NM,1965,1012000
NM,1964,1006000
NM,1963,989000
NM,1962,979000
NM,1961,965000
NM,1960,954000
NC,2018,10382000
NC,2017,10268000
NC,2016,10155000
NC,2015,10032000
NC,2014,9933000
NC,2013,9843000
NC,2012,9749000
NC,2011,9657000
NC,2010,9574000
NC,2009,9450000
NC,2008,9309000
NC,2007,9118000
NC,2006,8917000
NC,2005,8705000
NC,2004,8553000
NC,2003,8423000
NC,2002,8326000
NC,2001,8210000
NC,2000,8082000
NC,1999,7949000
NC,1998,7809000
NC,1997,7657000
NC,1996,7501000
NC,1995,7345000
NC,1994,7187000
NC,1993,7043000
NC,1992,6897000
NC,1991,6784000
NC,1990,6664000
NC,1989,6565000
NC,1988,6481000
NC,1987,6404000
NC,1986,6322000
NC,1985,6254000
NC,1984,6164000
NC,1983,6077000
NC,1982,6019000
NC,1981,5957000
NC,1980,5899000
NC,1979,5823000
NC,1978,5759000
NC,1977,5686000
NC,1976,5608000
NC,1975,5547000
NC,1974,5471000
NC,1973,5390000
NC,1972,5301000
NC,1971,5204000
NC,1970,5098000
NC,1969,5031000
NC,1968,5004000
NC,1967,4952000
NC,1966,4896000
NC,1965,4863000
NC,1964,4802000
NC,1963,4742000
NC,1962,4707000
NC,1961,4663000
NC,1960,4573000
IL,2018,12723000
IL,2017,12779000
IL,2016,12821000
IL,2015,12859000
IL,2014,12884000
IL,2013,12895000
IL,2012,12883000
IL,2011,12867000
IL,2010,12841000
IL,2009,12797000
IL,2008,12747000
IL,2007,12696000
IL,2006,12644000
IL,2005,12610000
IL,2004,12590000
IL,2003,12556000
IL,2002,12526000
IL,2001,12488000
IL,2000,12434000
IL,1999,12359000
IL,1998,12272000
IL,1997,12186000
IL,1996,12102000
IL,1995,12008000
IL,1994,11913000
IL,1993,11810000
IL,1992,11694000
IL,1991,11569000
IL,1990,11453000
IL,1989,11410000
IL,1988,11390000
IL,1987,11391000
IL,1986,11387000
IL,1985,11400000
IL,1984,11412000
IL,1983,11409000
IL,1982,11423000
IL,1981,11443000
IL,1980,11435000
IL,1979,11397000
IL,1978,11413000
IL,1977,11386000
IL,1976,11343000
IL,1975,11292000
IL,1974,11262000
IL,1973,11251000
IL,1972,11252000
IL,1971,11202000
IL,1970,11128000
IL,1969,11039000
IL,1968,10995000
IL,1967,10947000
IL,1966,10836000
IL,1965,10693000
IL,1964,10580000
IL,1963,10402000
IL,1962,10280000
IL,1961,10130000
IL,1960,10086000
TX,2018,28629000
TX,2017,28295000
TX,2016,27914000
TX,2015,27470000
TX,2014,26964000
TX,2013,26480000
TX,2012,26084000
TX,2011,25646000
TX,2010,25242000
TX,2009,24802000
TX,2008,24309000
TX,2007,23832000
TX,2006,23360000
TX,2005,22778000
TX,2004,22394000
TX,2003,22031000
TX,2002,21690000
TX,2001,21320000
TX,2000,20944000
TX,1999,20558000
TX,1998,20158000
TX,1997,19740000
TX,1996,19340000
TX,1995,18959000
TX,1994,18564000
TX,1993,18162000
TX,1992,17760000
TX,1991,17398000
TX,1990,17057000
TX,1989,16807000
TX,1988,16667000
TX,1987,16622000
TX,1986,16561000
TX,1985,16273000
TX,1984,16007000
TX,1983,15752000
TX,1982,15331000
TX,1981,14746000
TX,1980,14338000
TX,1979,13888000
TX,1978,13500000
TX,1977,13193000
TX,1976,12904000
TX,1975,12569000
TX,1974,12269000
TX,1973,12020000
TX,1972,11759000
TX,1971,11510000
TX,1970,11236000
TX,1969,11045000
TX,1968,10819000
TX,1967,10599000
TX,1966,10492000
TX,1965,10378000
TX,1964,10270000
TX,1963,10159000
TX,1962,10053000
TX,1961,9820000
TX,1960,9624000
GA,2018,10511000
GA,2017,10410000
GA,2016,10302000
GA,2015,10178000
GA,2014,10067000
GA,2013,9972000
GA,2012,9901000
GA,2011,9802000
GA,2010,9712000
GA,2009,9621000
GA,2008,9505000
GA,2007,9350000
GA,2006,9156000
GA,2005,8926000
GA,2004,8769000
GA,2003,8623000
GA,2002,8508000
GA,2001,8377000
GA,2000,8227000
GA,1999,8046000
GA,1998,7864000
GA,1997,7685000
GA,1996,7501000
GA,1995,7328000
GA,1994,7157000
GA,1993,6978000
GA,1992,6817000
GA,1991,6653000
GA,1990,6513000
GA,1989,6411000
GA,1988,6316000
GA,1987,6208000
GA,1986,6085000
GA,1985,5963000
GA,1984,5835000
GA,1983,5728000
GA,1982,5650000
GA,1981,5568000
GA,1980,5486000
GA,1979,5401000
GA,1978,5296000
GA,1977,5220000
GA,1976,5133000
GA,1975,5064000
GA,1974,4999000
GA,1973,4910000
GA,1972,4809000
GA,1971,4712000
GA,1970,4607000
GA,1969,4551000
GA,1968,4482000
GA,1967,4408000
GA,1966,4379000
GA,1965,4332000
GA,1964,4258000
GA,1963,4172000
GA,1962,4086000
GA,1961,4015000
GA,1960,3956000
WY,2018,578000
WY,2017,579000
WY,2016,584000
WY,2015,586000
WY,2014,583000
WY,2013,582000
WY,2012,576000
WY,2011,567000
WY,2010,564000
WY,2009,560000
WY,2008,546000
WY,2007,535000
WY,2006,523000
WY,2005,514000
WY,2004,509000
WY,2003,503000
WY,2002,500000
WY,2001,495000
WY,2000,494000
WY,1999,492000
WY,1998,491000
WY,1997,489000
WY,1996,488000
WY,1995,485000
WY,1994,480000
WY,1993,473000
WY,1992,466000
WY,1991,459000
WY,1990,454000
WY,1989,458000
WY,1988,465000
WY,1987,477000
WY,1986,496000
WY,1985,500000
WY,1984,505000
WY,1983,510000
WY,1982,506000
WY,1981,492000
WY,1980,474000
WY,1979,454000
WY,1978,433000
WY,1977,413000
WY,1976,397000
WY,1975,382000
WY,1974,366000
WY,1973,354000
WY,1972,347000
WY,1971,340000
WY,1970,334000
WY,1969,329000
WY,1968,324000
WY,1967,322000
WY,1966,323000
WY,1965,332000
WY,1964,339000
WY,1963,336000
WY,1962,333000
WY,1961,337000
WY,1960,331000
ME,2018,1339000
ME,2017,1335000
ME,2016,1331000
ME,2015,1328000
ME,2014,1331000
ME,2013,1328000
ME,2012,1328000
ME,2011,1328000
ME,2010,1328000
ME,2009,1330000
ME,2008,1331000
ME,2007,1327000
ME,2006,1324000
ME,2005,1319000
ME,2004,1314000
ME,2003,1307000
ME,2002,1296000
ME,2001,1286000
ME,2000,1277000
ME,1999,1267000
ME,1998,1259000
ME,1997,1255000
ME,1996,1249000
ME,1995,1243000
ME,1994,1243000
ME,1993,1242000
ME,1992,1239000
ME,1991,1237000
ME,1990,1232000
ME,1989,1220000
ME,1988,1204000
ME,1987,1185000
ME,1986,1170000
ME,1985,1163000
ME,1984,1156000
ME,1983,1145000
ME,1982,1137000
ME,1981,1133000
ME,1980,1127000
ME,1979,1123000
ME,1978,1114000
ME,1977,1104000
ME,1976,1088000
ME,1975,1072000
ME,1974,1059000
ME,1973,1046000
ME,1972,1034000
ME,1971,1015000
ME,1970,997000
ME,1969,992000
ME,1968,994000
ME,1967,1004000
ME,1966,999000
ME,1965,997000
ME,1964,993000
ME,1963,993000
ME,1962,994000
ME,1961,995000
ME,1960,975000
SC,2018,5084000
SC,2017,5021000
SC,2016,4958000
SC,2015,4892000
SC,2014,4824000
SC,2013,4764000
SC,2012,4717000
SC,2011,4671000
SC,2010,4636000
SC,2009,4590000
SC,2008,4529000
SC,2007,4444000
SC,2006,4358000
SC,2005,4270000
SC,2004,4211000
SC,2003,4150000
SC,2002,4108000
SC,2001,4065000
SC,2000,4024000
SC,1999,3975000
SC,1998,3919000
SC,1997,3860000
SC,1996,3796000
SC,1995,3749000
SC,1994,3705000
SC,1993,3663000
SC,1992,3620000
SC,1991,3570000
SC,1990,3501000
SC,1989,3457000
SC,1988,3412000
SC,1987,3381000
SC,1986,3343000
SC,1985,3303000
SC,1984,3272000
SC,1983,3234000
SC,1982,3208000
SC,1981,3179000
SC,1980,3135000
SC,1979,3090000
SC,1978,3044000
SC,1977,2992000
SC,1976,2944000
SC,1975,2902000
SC,1974,2845000
SC,1973,2777000
SC,1972,2719000
SC,1971,2662000
SC,1970,2597000
SC,1969,2570000
SC,1968,2559000
SC,1967,2533000
SC,1966,2520000
SC,1965,2494000
SC,1964,2475000
SC,1963,2460000
SC,1962,2423000
SC,1961,2409000
SC,1960,2392000
WI,2018,5807000
WI,2017,5790000
WI,2016,5773000
WI,2015,5761000
WI,2014,5752000
WI,2013,5737000
WI,2012,5720000
WI,2011,5705000
WI,2010,5690000
WI,2009,5669000
WI,2008,5641000
WI,2007,5611000
WI,2006,5578000
WI,2005,5546000
WI,2004,5514000
WI,2003,5479000
WI,2002,5445000
WI,2001,5407000
WI,2000,5374000
WI,1999,5333000
WI,1998,5298000
WI,1997,5266000
WI,1996,5230000
WI,1995,5185000
WI,1994,5134000
WI,1993,5085000
WI,1992,5025000
WI,1991,4964000
WI,1990,4905000
WI,1989,4857000
WI,1988,4822000
WI,1987,4778000
WI,1986,4756000
WI,1985,4748000
WI,1984,4736000
WI,1983,4721000
WI,1982,4729000
WI,1981,4726000
WI,1980,4712000
WI,1979,4683000
WI,1978,4646000
WI,1977,4627000
WI,1976,4596000
WI,1975,4579000
WI,1974,4546000
WI,1973,4524000
WI,1972,4502000
WI,1971,4462000
WI,1970,4429000
WI,1969,4378000
WI,1968,4345000
WI,1967,4303000
WI,1966,4274000
WI,1965,4232000
WI,1964,4165000
WI,1963,4112000
WI,1962,4049000
WI,1961,4009000
WI,1960,3962000
NE,2018,1926000
NE,2017,1916000
NE,2016,1906000
NE,2015,1891000
NE,2014,1879000
NE,2013,1865000
NE,2012,1853000
NE,2011,1841000
NE,2010,1830000
NE,2009,1813000
NE,2008,1796000
NE,2007,1783000
NE,2006,1773000
NE,2005,1761000
NE,2004,1749000
NE,2003,1739000
NE,2002,1728000
NE,2001,1720000
NE,2000,1714000
NE,1999,1705000
NE,1998,1696000
NE,1997,1686000
NE,1996,1674000
NE,1995,1657000
NE,1994,1639000
NE,1993,1626000
NE,1992,1612000
NE,1991,1596000
NE,1990,1582000
NE,1989,1575000
NE,1988,1571000
NE,1987,1567000
NE,1986,1574000
NE,1985,1585000
NE,1984,1589000
NE,1983,1584000
NE,1982,1582000
NE,1981,1579000
NE,1980,1572000
NE,1979,1567000
NE,1978,1564000
NE,1977,1557000
NE,1976,1551000
NE,1975,1543000
NE,1974,1539000
NE,1973,1530000
NE,1972,1519000
NE,1971,1505000
NE,1970,1488000
NE,1969,1474000
NE,1968,1467000
NE,1967,1457000
NE,1966,1456000
NE,1965,1471000
NE,1964,1482000
NE,1963,1476000
NE,1962,1464000
NE,1961,1446000
NE,1960,1417000
RI,2018,1058000
RI,2017,1056000
RI,2016,1057000
RI,2015,1056000
RI,2014,1056000
RI,2013,1055000
RI,2012,1055000
RI,2011,1054000
RI,2010,1054000
RI,2009,1054000
RI,2008,1055000
RI,2007,1057000
RI,2006,1063000
RI,2005,1068000
RI,2004,1075000
RI,2003,1071000
RI,2002,1066000
RI,2001,1057000
RI,2000,1050000
RI,1999,1040000
RI,1998,1031000
RI,1997,1025000
RI,1996,1021000
RI,1995,1017000
RI,1994,1016000
RI,1993,1015000
RI,1992,1013000
RI,1991,1011000
RI,1990,1006000
RI,1989,1001000
RI,1988,996000
RI,1987,990000
RI,1986,977000
RI,1985,969000
RI,1984,962000
RI,1983,956000
RI,1982,954000
RI,1981,953000
RI,1980,949000
RI,1979,950000
RI,1978,952000
RI,1977,950000
RI,1976,946000
RI,1975,943000
RI,1974,951000
RI,1973,976000
RI,1972,975000
RI,1971,963000
RI,1970,951000
RI,1969,932000
RI,1968,922000
RI,1967,909000
RI,1966,899000
RI,1965,893000
RI,1964,885000
RI,1963,876000
RI,1962,871000
RI,1961,858000
RI,1960,855000